assemble0	3S186N119M145S		122S1N38M107S	GGGGTCCCTGACCGATTCAGGGGCAGCGGGTCTGGGACAGATTTCACTCTCACCATCAGCAGCCTGCAGGCTGAAGATGTGGCAGTTTATTCCTGTCAGCAATATTATAGTACTCCTCCGTACACTTTTGGCCAGGGGACCAAGCTGGAGATCAAAC	GGGGTCCCTGACCGATTCAGTGGCAGCGGGTCTGGGACAGATTTCACTCTCACCATCAGCAGCCTGCAGGCTGAAGATGTGGCAGTTTATTACTGTCAGCAATATTATAGTACTCCTCCGTACACTTTTGGCCAGGGGACCAAGCTGGAGATCAAAC	93	128
assemble2	3S21N147M3I125M114S	286S2N13M1D8M81S8N	306S5N43M40S	GGGGGAGGCTTGGTACAGCCTGGGGGGTCCCTGAGACTCTCCTGTACAGCCTCTGGATTCACCTTCAGTACCTATAGTATGAATTGGGTCCGCCTGGCTCCAGGGAAGGGTCTGGAGTGGATTGCATACATTAGTAGCAGTGGAAAT---ATATACCTCGCAGACTTTGTGAAGGGCCGATTCACCATCTCCAGAGACGACTTCAAGAATTCATTGTTTCTACACATGGACAGCCTAGGAGTCGAGGACACGGCTGTCTATTATTGTGCGAGAGAACGAGATTACCATTATTATGGGTCGGGGGAGTTTGACTACTGGGGCCAGGGAGCCCTGGTCACCGTCTCCTCAG	GGGGGAGGCTTGGTACAGCCTGGGGGGTCCCTGAGACTCTCCTGTGCAGCCTCTGGATTCACCTTCAGTAGCTATAGCATGAACTGGGTCCGCCAGGCTCCAGGGAAGGGGCTGGAGTGGGTTTCATACATTAGTAGTAGTAGTAGTACCATATACTACGCAGACTCTGTGAAGGGCCGATTCACCATCTCCAGAGACAACGCCAAGAACTCACTGTATCTGCAAATGAACAGCCTGAGAGCCGAGGACACGGCTGTGTATTACTGTGCGAGAGAACGAGATTACCATTACTATGGTTC-GGGGAGTTTGACTACTGGGGCCAGGGAACCCTGGTCACCGTCTCCTCAG	264	317
assemble5	53S292M34S4N			CAGGTGCAGCTGGTGCAGTCTGGGGCTGAGGTGAAGAAGCCTGGGGCCTCGGTGAAGGTTTCCTGCAAGGCATCTGGATACACCTTCAATATCGACTATGTACACTGGGTGCGACTGGCCCCTGGGCAAGGGCTTGAGTGGATGACAGTAATCAACACTCATGATGGTGACACAACGTACGCACGGAAGTTTCAGGGCAGAGTCACCATGACCAGGGACACGTCCACGAACACAGTCTACATGGAGCTGAGGAGGCTGACATCTGAAGACACGGCCGTCTATTACTGTGCGA	CAGGTGCAGCTGGTGCAGTCTGGGGCTGAGGTGAAGAAGCCTGGGGCCTCAGTGAAGGTTTCCTGCAAGGCATCTGGATACACCTTCAACAGCTACTATATGCACTGGGTGCGACAGGCCCCTGGACAAGGGCTTGAGTGGATGGGAATAATCAACCCTAGTGGTGGTAGCACAAGCTACGCACAGAAGTTCCAGGGCAGAGTCACCATGACCAGGGACACGTCCACGAGCACAGTCTACATGGAGCTGAGCAGCCTGAGATCTGAGGACACGGCCGTGTATTACTGTGCGA	285	-1
assemble8	284M7S3N			CTGATCCAGATGACCCAGTCTCCTCCCACCCTGTCTGCATCTGTAGGAGACAGAGTCACCATCACTTGCCGGGCCAGTCAGAGTATAAATAGCTGGTTGGCCTGGTATCAACTGAAACCAGGGAAAGCCCCTAAACTTCTGATCTATAAGGCCTCTAGTTTAGAAAGTGGGGTCCCATCAAGGTTCAGCGGCAGTGAGTCCGGGACAGAATTCACTCTCACCATCAGCAGCCTGCAGCCTGATGATTTTGCAACTTATTACTGCCAACAATATTATAGTTTTTC	GACATCCAGATGACCCAGTCTCCTTCCACCCTGTCTGCATCTGTAGGAGACAGAGTCACCATCACTTGCCGGGCCAGTCAGAGTATTAGTAGCTGGTTGGCCTGGTATCAGCAGAAACCAGGGAAAGCCCCTAAGCTCCTGATCTATAAGGCGTCTAGTTTAGAAAGTGGGGTCCCATCAAGGTTCAGCGGCAGTGGATCTGGGACAGAATTCACTCTCACCATCAGCAGCCTGCAGCCTGATGATTTTGCAACTTATTACTGCCAACAGTATAATAGTTATTC	261	283
assemble9	1S256N4M3I30M277S	47S14N6M1D4M254S13N	62S13N49M201S	GAGC---GGACACGGCCGTGTATTACTGTGCGAGAGATAGAGGGCCGTCTTTGGGTGGAGGCCCCTACGGTATGGACGTCTGGGGCCAAGGGACCACGGTCACCGTCTCCTCA	GAGCCGAGGACACGGCCGTGTATTACTGTGCGAGAGATAGAGGGCCGTCTTTGGG-GGAGGCCCCTACGGTATGGACGTCTGGGGCCAAGGGACCACGGTCACCGTCTCCTCA	26	82
assemble11	2S122N177M86S3N		179S1N38M48S	TCACCAGAGGCCAGGCCAATCTCCAAGGCGCCTACTTTATAAGGTTTCTGACCGGGACTCTGGGGTCCCAGACAGATTCAGCGGCAGTGGGTCAGGCACTGATTTCACGCTGAAAATCAGCAGGGTGGAGGCTGACGATGTTGGACTTTATTACTGCATGCAAGCTTCACACTGGCCGTACACTTTTGGCCAGGGGACCAAGCTGGAGATCAAAC	TCAGCAGAGGCCAGGCCAATCTCCAAGGCGCCTAATTTATAAGGTTTCTAACCGGGACTCTGGGGTCCCAGACAGATTCAGCGGCAGTGGGTCAGGCACTGATTTCACACTGAAAATCAGCAGGGTGGAGGCTGAGGATGTTGGGGTTTATTACTGCATGCAAGGTACACACTGGCCGTACACTTTTGGCCAGGGGACCAAGCTGGAGATCAAAC	154	186
assemble23	2S147N149M73S	160S4N17M47S2N	188S1N36M13N	GGGATCATCCCTCTTCTTGACATCGTCAACTACGCAGAGAAGTTTCAGGGCAGAGTCACGATCACCGCGGACAAATCCACGGGCACAGTCGACATGGAACTGAGCAGCCTGAGATCTGAAGACACGGCCGTGTATTACTGTGCGAGAGATGTTAACAAATATAGTGGCTACAATTTCGGGGTCTGGGATGCCTTTGATGTCTGGGGCCAAGGGACAAGGGTC	GGGATCATCCCTATCCTTGGTATAGCAAACTACGCACAGAAGTTCCAGGGCAGAGTCACGATTACCGCGGACAAATCCACGAGCACAGCCTACATGGAGCTGAGCAGCCTGAGATCTGAGGACACGGCCGTGTATTACTGTGCGAGAGATGTTAACAAATATAGTGGCTACGATTTCGGGGTCTGGGATGCTTTTGATGTCTGGGGCCAAGGGACAATGGTC	138	203
assemble25	5S7N288M17S7N		295S1N15M22N	TGATGACTCAGTCTCCACTCTCCCTGTCCGTCACCCCTGGAGAGCCGGCCTCCATCTCCTGCAGGTCTAGTCAGAACCTCCTGCATAGTACTGGCTACAACTTTTTGAGTTGGTACCTACAGAAGCCAGGACAGTCTCCACAACTCCTAGTCTATTTGGGTTCTGATCGGGCCTCCGGGGTCCCTGACAGGTTCAGTGGCAGTGCATCAGGCACAGATTTTACACTGAAAATCAGCAGAGTGGAGGCTGAGGATGTTGGGGTTTATTACTGCATGCAAGCTCTACAAAATATCACCTTCGGCCAG	TGATGACTCAGTCTCCACTCTCCCTGCCCGTCACCCCTGGAGAGCCGGCCTCCATCTCCTGCAGGTCTAGTCAGAGCCTCCTGCATAGTAATGGATACAACTATTTGGATTGGTACCTGCAGAAGCCAGGGCAGTCTCCACAGCTCCTGATCTATTTGGGTTCTAATCGGGCCTCCGGGGTCCCTGACAGGTTCAGTGGCAGTGGATCAGGCACAGATTTTACACTGAAAATCAGCAGAGTGGAGGCTGAGGATGTTGGGGTTTATTACTGCATGCAAGCTCTACAAAATATCACCTTCGGCCAA	269	298
assemble29	1S126N3M1D155M77S3N		163S3N35M39S	GCCGCCTAAGTCCCTGATCTATGGTGCATCCAGTTTACAAAGTGGGGTCCCATCAAGGTTCAGCGGCAGTGGATCTGGCACAGATTTCACTCTCACCATCAACAGCCTGCAGCCTGAAGATTTTGCAACTTATTACTGTCTACAAGATTACGATTACCCCCTGACGTTCGGCCAAGGGACCAAGGGGGAACTCAAAC	GCC-CCTAAGCTCCTGATCTATGCTGCATCCAGTTTACAAAGTGGGGTCCCATCAAGGTTCAGCGGCAGTGGATCTGGCACAGATTTCACTCTCACCATCAGCAGCCTGCAGCCTGAAGATTTTGCAACTTATTACTGTCTACAAGATTACAATTACCCCCTGACGTTCGGCCAAGGGACCAAGGTGGAAATCAAAC	136	168
assemble30	15S291M53S5N	327S11N10M22S10N	342S7N17M26N	GAGGTGCAGCTGGTGGAGTCTGGGGGAGGCTTGGTACAGCCTGGGGGGTCCCTGAGACTCTCCTGTGGAGTCTCTGGATTCACCTTCAGTATCTATTCCATGAACTGGGTCCGCCAGGCTCCAGGGAAGGGGCCGGAGTGGATTTCGTATATTAGTGGTAGTAGTGGTACCATATACTACGCAGACTCTGTGAAGGGCCGATTCACCATCCCCAGAGACAACGCCAAGAACTCACTGTATCTGCAAATGAACAGCCCGAGAGCCGAGGACACGGCCATATATTACTGTGCGGGTGTCGGGCCAGGTGTGGCCTTTGGTGTGGGTGGCTTTGATGTCTGGGGCCA	GAGGTGCAGCTGGTGGAGTCTGGGGGAGGCTTGGTACAGCCTGGGGGGTCCCTGAGACTCTCCTGTGCAGCCTCTGGATTCACCTTCAGTAGCTATAGCATGAACTGGGTCCGCCAGGCTCCAGGGAAGGGGCTGGAGTGGGTTTCATACATTAGTAGTAGTAGTAGTACCATATACTACGCAGACTCTGTGAAGGGCCGATTCACCATCTCCAGAGACAACGCCAAGAACTCACTGTATCTGCAAATGAACAGCCTGAGAGCCGAGGACACGGCTGTGTATTACTGTGCGGGTGTCGGGCCAGGTGTGGCCTTTGGAGTGGGTGGCTTTGATGTCTGGGGCCA	285	338
assemble31	3S172N127M66S		131S4N34M31S	AGGGGAGCGGAATTCCTGATCGGTTCTCAGGCTCCAGCTCTGGGGCTGACCGCTACCTCATCATCTCCAACCTCCAGTCTGAAGATGAGGCTGATTATTACTGTGAGACCTGGGACACTAACACTCAGGTCTTCGGAGCTGGGACCAAGGTCACCGTCCTAG	AGGGGAGCGGAGTTCCTGATCGCTTCTCAGGCTCCAGCTCTGGGGCTGACCGCTACCTCACCATCTCCAACCTCCAGTTTGAGGATGAGGCTGATTATTACTGTGAGACCTGGGACAGTAACACTCAGGTCTTCGGAACTGGGACCAAGGTCACCGTCCTAG	101	133
assemble38	3S47N174M97S	192S16N5M1D5M71S2N	194S6N42M38S	CCCAGGAAAGGGACTGGAGTGGATTGGCTTTATCTATTACAGTGGGTACACCAATTATAATCCCTCCGTCGAGAGTCGAGTGATCACATCAATAGACACGTCCAAGAACCAGTTCTCCCTGAGGCTGAGTTCTGTGACCGCTGCGGACACGGCCGTCTATTACTGTGCGAGAGGAGGTCCTTCTCGGCAGATTGACTATTGGGGCCAGGGAACCCTGGTCACCGTCTCCTCAG	CCCAGGNANNNGACTGGAGTGGATTGGGTATATCTATTACAGTGGGAGCACCAACTACAACCCCTCCCTCAAGAGTCGAGTCACCATATCAGTAGACACGTCCAAGAACCAGTTCTCCCTGAAGCTGAGCTCTGTGACCGCTGCGGACACGGCCGTGTATTACTGTGCGAGAGGAGGTCCTTCTCGGCAGATTGACTACTGGGGCCAGGGAACCCTGGTCACCGTCTCCTCAG	163	201
assemble41	2S116N166M31S5N		172S2N27M9N	ACCAGGGAAAGCCCCTAAACTCCTGATCTATAAGGCGTCTAGTTTAGAAAGTGGGGTCTCATCAAGGTTCAGCGGCAGTGGATCTGGGACAGAATTCACTCTCACCATCAACAGCCTACAGCCTGATGATTTTGCAACCTATTACTGCCAACAATATAATAGTTATGAGGTCACTTTCGGCGGAGGGACCAAGATGG	ACCAGGGAAAGCCCCTAAGCTCCTGATCTATAAGGCGTCTAGTTTAGAAAGTGGGGTCCCATCAAGGTTCAGCGGCAGTGGATCTGGGACAGAATTCACTCTCACCATCAGCAGCCTGCAGCCTGATGATTTTGCAACTTATTACTGCCAACAGTATAATAGTTATGAGGTCACTTTCGGCGGAGGGACCAAGGTGG	145	177
assemble43	3S70N217M48S		225S9N30M13S	GGGCAAGTCAGACCATTAGTGTCTTTTTAAATTGGTATCAACAGAGACCAGGGAAAGCCCCTAAACTCCTGATCTATGCTGCTTCCACTTTGCAAAGTGGGGTCCCATCAAGGTTCAGTGGCAGTGGATCTGGGACAGATTTCACTCTCACCATCAGCAGTCTGCAACCTGAAGATTTTGCAACTTACTACTGTCAACAGAGTTACATTACCCCTCCAACCGTTGGCCAGGGGACCAAGCTGGAGATCAAAC	GGGCAAGTCAGAGCATTAGCAGCTATTTAAATTGGTATCAGCAGAAACCAGGGAAAGCCCCTAAGCTCCTGATCTATGCTGCATCCAGTTTGCAAAGTGGGGTCCCATCAAGGTTCAGTGGCAGTGGATCTGGGACAGATTTCACTCTCACCATCAGCAGTCTGCAACCTGAAGATTTTGCAACTTACTACTGTCAACAGAGTTACAGTACCCCTCCAACCGTTGGCCAGGGGACCAAGCTGGAGATCAAAC	191	223
assemble44	153N136M30S1N		136S30M9N	GCATCTACCGTGGCCACTGGCATCCCAGACAGGTTCACTGGCAGTGGGTCTGGGACAGACTTCACTCTCACCATCAGCAGACTGGAGCCTGAAGATTTTGCAGTGTATTACTGTCAGCAGTATGGTAATTCACCTCTGTACACTTTTGGTCAGGGGACCAACCTGG	GCATCCAGCAGGGCCACTGGCATCCCAGACAGGTTCAGTGGCAGTGGGTCTGGGACAGACTTCACTCTCACCATCAGCAGACTGGAGCCTGAAGATTTTGCAGTGTATTACTGTCAGCAGTATGGTAGCTCACCTCTGTACACTTTTGGCCAGGGGACCAAGCTGG	111	146
assemble45	3S191N105M50S2N			GAAGGGCCGATTCACCATCTCCAGAGACAACAGCAAAAACTCCCTGTATCTGCAAATGAACAGTCTGAGAACTGAGGACACCGCCTTGTATTACTGTGCAAAAGA	GAAGGGCCGATTCACCATCTCCAGAGACAACAGCAAAAACTCCCTGTATCTGCAAATGAACAGTCTGAGAACTGAGGACACCGCCTTGTATTACTGTGCAAAAGA	94	-1
assemble47	3S125N23M3D17M1I3M2I124M77S1N	186S3N21M43S7N	221S12N29M7N	GAAGGGACTGGAGTGGGTCTCAGGTATTACTGATAGTGGTGAT-GAA--ACATACTACGCAGACTCCGTGAGGGGCCTATTCACCATCTCCAGAGACAATTCCAAGAACACGCTGTATTTGCAAATCAACAGCCTGAGATCCGAGGACACGGCCGTATATTATTGTGCGAAAGCCAGAGAGGGGTCATATTGCAGAGGTGGTAACTGTTGTGGCGGGGGCCACTGGGGCCCGGGAACCCAGGTCACCGTC	GAAGGGGCTGGAGTGGGTCTCAG---TTATTTATAGCGGTGGTAGTAGCACATACTATGCAGACTCCGTGAAGGGCCGGTTCACCATCTCCAGAGATAATTCCAAGAACACGCTGTATCTGCAAATGAACAGCCTGAGAGCCGAGGACACGGCCGTATATTACTGTGCGAAAGCCAGAGAGGGGTCATATTGTAGTGGTGGTAGCTGTTGTGGCGGGGGCCACTGGGGCCAGGGAACCCTGGTCACCGTC	163	225
assemble52	4S243N41M139S3N		50S5N33M101S	GATTTTGCAACTTATTACTGCCAACAATATAATTATTATTCGGGGGCGTTCGGCCAGGGGACCAAGGTGGAAGTCAAAC	GATTTTGCAACTTATTACTGCCAACAGTATAATAGTTATTCGGGGGCGTTCGGCCAAGGGACCAAGGTGGAAATCAAAC	18	50
assemble54	1S194N101M98S1N	115S6N17M68S8N	139S4N44M17S	GGGCCGGTTCACCATCTCCAGAGACAACTCCAAGAACACGCTGTTTCTGCAAATGAGCGGCCTGAGAGCCGAAGACACGGCCATCTATTACTGTGCGAAAGGCCCCTCTAAAAGTGATTTTTGGAATGGTTTCCGCTGCTTTGACCACTGGGGCCAGGGAACCCAACTCACCGTCTCCTCAG	GGGCCGGTTCACCATCTCCAGAGACAATTCCAAGAACACGCTGTATCTGCAAATGAACAGCCTGAGAGCCGAGGACACGGCCGTATATTACTGTGCGAAAGGCCCCTCTAAAAGTGATTTTTGGACTGGTTTCCGCTGCTTTGACTACTGGGGCCAGGGAACCCTGGTCACCGTCTCCTCAG	91	150
assemble55	6S88N189M9S10N			GCAGGTTTTTAAATTGGTATCAGCAGAAACCAGGGAAGGCCCCTAAACTCCTGATCTATGCTACTTCCATTTTGCAGAGTGGGGTCCCATCAAGGTTCAGTGGCAGTGGATCTGGGACAGATTTCACTCTCACCATCAACGGTCTGCAACCTGACGATTTTGCAACTTACTTCTGTCAACAGACTTACA	GCAGCTATTTAAATTGGTATCAGCAGAAACCAGGGAAAGCCCCTAAGCTCCTGATCTATGCTGCATCCAGTTTGCAAAGTGGGGTCCCATCAAGGTTCAGTGGCAGTGGATCTGGGACAGATTTCACTCTCACCATCAGCAGTCTGCAACCTGAAGATTTTGCAACTTACTACTGTCAACAGAGTTACA	173	-1
assemble56	3S146N153M42S3N		156S1N38M4S	AAGGCGCCTAACTTATAAGGTTTCTACCCGGGACTCTGGGGTCCCAGACAGATTCAGCGGCAGTGGGTCAGGCACTGATTTCACACTGAAAATCAGCAGGGTGGAGGCTGAGGATGTTGGGGTTTATTACTGCTTCCAAGCTACACACTGGCCGTACACTTTTGGCCAGGGGACCAAGCTGGAGATCAAAC	AAGGCGCCTAATTTATAAGGTTTCTAACCGGGACTCTGGGGTCCCAGACAGATTCAGCGGCAGTGGGTCAGGCACTGATTTCACACTGAAAATCAGCAGGGTGGAGGCTGAGGATGTTGGGGTTTATTACTGCATGCAAGGTACACACTGGCCGTACACTTTTGGCCAGGGGACCAAGCTGGAGATCAAAC	130	162
assemble58	3S130N161M33S2N			GACTGGAGTGGATTGGGCGTATCTATTCCACTGGGACCACCAACTACAGCCCCTCCCTCAACAGTCGAGTCACCATGTCAATTGACACGTCTACGAACCACTTCTCACTGATGCTGAGGTCTGTGACCGCCGCGGACACGGCCGTCTATTATTGTGCGCGA	GACTGGAGTGGATTGGGCGTATCTATACCAGTGGGAGCACCAACTACAACCCCTCCCTCAAGAGTCGAGTCACCATGTCAGTAGACACGTCCAAGAACCAGTTCTCCCTGAAGCTGAGCTCTGTGACCGCCGCGGACACGGCCGTGTATTACTGTGCGAGA	152	-1
assemble64	7S179N105M122S3N		115S3N35M84S	AAGGTTCAGCGGCAGTGGATCTGGCACAGATTTCACTCTCACCATCAACAGCCTGCAGCCTGAAGATTTTGCAACTTATTACTGTCTACAAGATTACGATTACCCCCTGACGTTCGGCCAAGGGACCAAGGTGGAAATCAAAC	AAGGTTCAGCGGCAGTGGATCTGGCACAGATTTCACTCTCACCATCAGCAGCCTGCAGCCTGAAGATTTTGCAACTTATTACTGTCTACAAGATTACAATTACCCCCTGACGTTCGGCCAAGGGACCAAGGTGGAAATCAAAC	82	114
assemble66	3S226N68M114S2N	104S9N5M1D4M71S13N	98S2N12M6I43M32S	AGAACTCACTGTATCTGCAAATGAACAGCCTGAGAGCCGAGGACACGGCTCTTTATTATTGTGCGAGACGAAGTGGTCAGTACAATAATTATGCCTACTACTACTACTACTAC------ATGGACGTCTGGGGCAAAGGGACCACGGTCACCGTCTCCTCTG	AGAACTCACTGTATCTGCAAATGAACAGCCTGAGAGCCGAGGACACGGCTGTTTATTACTGTGCGAGACGAAGTGGTCAGTACAATAATTATGCCTACTACTACTACTACTACTACGGTATGGACGTCTGGGGCAAAGGGACCACGGTCACCGTCTCCTCAG	59	130
assemble68	2S229N42M147S16N		60S38M93S	GTCTGCAACCTGAAGATTTTGCAACTTACTACTGTCAACAGACTTCCAGTTCTCCCCCGCTCACTTTCGGCGGCGGGACCAAGGTGGAGATCAAAC	GTCTGCAACCTGAAGATTTTGCAACTTACTACTGTCAACAGACTTCCAGTTCTCCCCCGCTCACTTTCGGCGGAGGGACCAAGGTGGAGATCAAAC	32	67
assemble72	3S127N175M30S3N		179S2N29M8N	AGCAGAAACCAGGACAGGCTCCTAAGGTACTCATTTACTGGGCATCTACACGGGAATCCGGGGTCCCTGACCGATTCAGTGGCAGCGGGTCTGGGACAGATTTCACTCTCACCATCAGCAGCCTGCAGGCTGAAGATGTGGCGATTTATTTCTGTCAGCAATATTATACTACTCCATACACTTTTGGCCAGGGGACCAACCTGGA	AGCAGAAACCAGGACAGCCTCCTAAGCTGCTCATTTACTGGGCATCTACCCGGGAATCCGGGGTCCCTGACCGATTCAGTGGCAGCGGGTCTGGGACAGATTTCACTCTCACCATCAGCAGCCTGCAGGCTGAAGATGTGGCAGTTTATTACTGTCAGCAATATTATAGTACTCCATACACTTTTGGCCAGGGGACCAAGCTGGA	152	184
assemble74	21N271M15S4N			GGGGCTGAGGTGAAGAAGCCTGGGGCCTCAGTGAAGCTTTCCTGTAAGGCTTCTGGATACACCTTCACTAGCTATGATATCCATTGGGTGCGCCAGGCCCTCGGTCAAAGGCTTGAGTGGATGGGATGGATCAACGCTGGCAGTGGTAACACAAAATTTTCACAGAAGTTCCACGACAGAGTCACCTTTACCAGGGACACATCCGCGACAACAGTCCACATGGAACTGAGCAGCCTGAGATCCGAAGACACGGCTGTGTATTACTGTGCGA	GGGGCTGAGGTGAAGAAGCCTGGGGCCTCAGTGAAGGTTTCCTGCAAGGCTTCTGGATACACCTTCACTAGCTATGCTATGCATTGGGTGCGCCAGGCCCCCGGACAAAGGCTTGAGTGGATGGGATGGATCAACGCTGGCAATGGTAACACAAAATATTCACAGAAGTTCCAGGGCAGAGTCACCATTACCAGGGACACATCCGCGAGCACAGCCTACATGGAGCTGAGCAGCCTGAGATCTGAAGACACGGCTGTGTATTACTGTGCGA	264	-1
assemble76	3S152N135M125S		138S1N38M87S	ATCCACCAGGGCCACTGGTGTCCCAGCCAGGTTCAGTGGCAGTGGGTCTGGAACAGAGTTCACTCTCACCATCAGCAGCCTGCAGTCTGAAGATTTTGCAGTTTATTACTGTCAGCAGTATAATCACTGGCCTCCGTACACTTTTGGCCAGGGGACCAAGCTGGAGATCAAAC	ATCCACCAGGGCCACTGGTATCCCAGCCAGGTTCAGTGGCAGTGGGTCTGGGACAGAGTTCACTCTCACCATCAGCAGCCTGCAGTCTGAAGATTTTGCAGTTTATTACTGTCAGCAGTATAATAACTGGCCTCCGTACACTTTTGGCCAGGGGACCAAGCTGGAGATCAAAC	109	144
assemble86	3S175N108M140S4N		111S3N36M104S	CATCAAGGTTCAGTGGCAGTGGATCTGGGACAGATTTCACTCTCACCATCAGCAGTCTGCAACCTGAAGATTTTGCAACTTACTATTGTCAACAGAGTTTCAATACCCACACCTTTGGCCAGGGGACCAAGCTCGAGATCAAAC	CATCAAGGTTCAGTGGCAGTGGATCTGGGACAGATTTCACTCTCACCATCAGCAGTCTGCAACCTGAAGATTTTGCAACTTACTACTGTCAACAGAGTTACAGTACCCACACTTTTGGCCAGGGGACCAAGCTGGAGATCAAAC	86	115
assemble89	5S157N142M85S3N		147S1N38M47S	TTTATAAGGTTTCTGACCGGGACTCTGGGGTCCCAGACAGATTCAGCGGCAGTGGGTCAGGCACTGATTTCACACTGAAAATCAGCAGGGTGGAGGCTGACGATGTTGGACTTTATTACTGCATGCAAGCTACACACTGGCCGTACACTTTTGGCCAGGGGACCAAGCTGAAGATCAAAC	TTTATAAGGTTTCTAACCGGGACTCTGGGGTCCCAGACAGATTCAGCGGCAGTGGGTCAGGCACTGATTTCACACTGAAAATCAGCAGGGTGGAGGCTGAGGATGTTGGGGTTTATTACTGCATGCAAGGTACACACTGGCCGTACACTTTTGGCCAGGGGACCAAGCTGGAGATCAAAC	119	151
assemble101	5S242N54M147S6N		66S1N37M103S	CAGAGTGGAGGCTGAGGATGTTGGGATTTATTACTGCATGCAATCTCTACAAACACCCCCCTTCACTTTCGGCCCTGGGACCAAAGTGGATATCAGCC	CAGAGTGGAGGCTGAGGATGTTGGGGTTTATTACTGCATGCAAGCTCTACAAACACCCCCCTTCACTTTCGGCCCTGGGACCAAAGTGGATATCAAAC	34	69
assemble103	3S226N70M155S	100S6N10M118S15N	107S18N34M87S	CGAGCACAGCCTACATGGACCTGAGGAGCCTGACATCAGCCGACACGGCCGTGTATTACTGTGCGAGAGATTCGCAGTACTCCAACGGCTGGTTCATTGATTATTGGGGCCAGGGAACCCTGGTCACCGTCTCCTCAG	CGAGCACAGCCTACATGGAGCTGAGGAGCCTGAGATCTGACGACACGGCCGTGTATTACTGTGCGAGAGATTCGCAGTACTCCAACGGCTGGTTCATTGATTTTTGGGGCCAGGGCACCCTGGTCACCGTCTCCTCAG	59	106
assemble117	2S171N121M327S1N	138S20N9M303S2N	152S14N48M250S	AACTACAACCCGTCACTCAAGAGTCGAGTCACCATCTCAGTGGACACATCCAAGAACCAGTTTTCCCTGAGACTGAGATCTGTGATCGCCGCGGACACGGCTGTCTATTACTGTGAGAGAGTCACGGTGGCTGGCAGTTATTACTTCTATTACCACATGGACGTCTGGGGAAAAGGGACCACGGTCACCGTCTCCTCA	AACTACAACCCGTCCCTCAAGAGTCGAGTCACCATATCAGTAGACACGTCCAAGAACCAGTTCTCCCTGAAGCTGAGCTCTGTGACCGCCGCGGACACGGCTGTGTATTACTGTGCGAGAGTCACGGTGGCTGGCAGTTATTACTTCTATTACTACATGGACGTCTGGGGCAAAGGGACCACGGTCACCGTCTCCTCA	111	167
assemble120	5S164N133M136S5N	144S19N12M118S	191S13N35M48S	TGATGGTGGGACAACAGACTACGCTGCACCCGTGAGAGGCAGATTCACCATCTCAAGAGATGATTCAAAAAACACACTGGATCTGCAAATGAACAGCCTGAAAACCGACGACTCTGCCTTGTATTACTGCACCGCAGTCACTTTTTACGCCCGTTGGGGCTTACCACCTACTGCCCTAGGGCTGGGCTGGGGTCAGGGAACCCTGGTCACCGTCTCCTCAG	TGATGGTGGGACAACAGACTACGCTGCACCCGTGAAAGGCAGATTCACCATCTCAAGAGATGATTCAAAAAACACGCTGTATCTGCAAATGAACAGCCTGAAAACCGAGGACACAGCCGTGTATTACTGTACCGCAGTCACTTTCTATGCCCGTTGGGGCTTACCACCTACTGCCCTAGGGCTGGGCTGGGGCCAGGGAACCCTGGTCACCGTCTCCTCAG	127	189
assemble127	1S44N250M19S2N			GGGGTCCCTGAGACTCTCCTGTACAGCCTCTGGATTCACCTTTAGTACCTATGCCATGAGCTGGGTCCGCCAGGCTCCAGGGAAGGGGCTGGAGTGGGTCTCAGGTATTAGTGGTAGTGGTGGTAGTACATGGTATGCAGACTCCGTGAAGGGCCGGTTCACCATCTCCAGAGACAATTCCAAGAACACGCTGTATCTGCACATGAACAGCCTGAGAGCCGAGGACACGGCCGTGTATTACTGTGCGAAA	GGGGTCCCTGAGACTCTCCTGTGCAGCCTCTGGATTCACCTTTAGCAGCTATGCCATGAGCTGGGTCCGCCAGGCTCCAGGGAAGGGGCTGGAGTGGGTCTCAGCTATTAGTGGTAGTGGTGGTAGCACATACTACGCAGACTCCGTGAAGGGCCGGTTCACCATCTCCAGAGACAATTCCAAGAACACGCTGTATCTGCAAATGAACAGCCTGAGAGCCGAGGACACGGCCGTATATTACTGTGCGAAA	241	-1
assemble129	3S163N124M142S3N		130S38M101S	GGGCCACAGGCATCCCATACAGATTCAGTGGCAGTGGGTCGGGGACAGACTTCACTCTCACCATCAGCAGACTGGAGCCTGGAGATTTTGCGATGTATTACTGTCAGCACTATGGTCCCTCACCGCTGTGCACTTTTGGCCAGGGGACCAAGCTGGAGATCAAAC	GGGCCACTGGCATCCCAGACAGGTTCAGTGGCAGTGGGTCTGGGACAGACTTCACTCTCACCATCAGCAGACTGGAGCCTGAAGATTTTGCAGTGTATTACTGTCAGCAGTATGGTAGCTCACCGCTGTGCACTTTTGGCCAGGGGACCAAGCTGGAGATCAAAC	101	136
assemble134	3S127N172M19S		176S4N18M16N	CCCCTCGATACGTGATGAAGGTTGAAAGTAGTGGAAGCTACCACAAGGGGAGCGGAATTCCTGATCGCTTCTCAGGCTCCAGCTCTGGGGCTGACCGCTACCTCACCATCTCCAACCTCCAGTCAGAGGATGAGGCTGATTATTACTGTGAGACCTGGGACAGTAACACTCAGGTCTTCGGAACTGGGACC	CCCCTCGGTACTTGATGAAGCTTGAAGGTAGTGGAAGCTACAACAAGGGGAGCGGAGTTCCTGATCGCTTCTCAGGCTCCAGCTCTGGGGCTGACCGCTACCTCACCATCTCCAACCTCCAGTTTGAGGATGAGGCTGATTATTACTGTGAGACCTGGGACAGTAACACTCAGGTCTTCGGAACTGGGACC	146	178
assemble136	3S73N200M38S14N		212S2N28M1S9N	CCAGTGAGAGTGTTAGTAGCTTCTTAGCCTGGTACCAGCAGAAACCTGGCCAGGCTCCCAGGCTCCTCATCTATGATGCAACCCAGAGGGCCACTGGCATCCCAGCCAGGTTCAGTGGCAGTGGGTCTGGGACAGACTTCACTCTCACCATCAGCAGCCTAGAGCCTGATGATTTTGCAGTTTATTACTGTCAGCAGCGTCGTACGGACTACACTTTTGGCCAGGGGACCAAACTGG	CCAGTCAGAGTGTTAGCAGCTACTTAGCCTGGTACCAACAGAAACCTGGCCAGGCTCCCAGGCTCCTCATCTATGATGCATCCAACAGGGCCACTGGCATCCCAGCCAGGTTCAGTGGCAGTGGGTCTGGGACAGACTTCACTCTCACCATCAGCAGCCTAGAGCCTGAAGATTTTGCAGTTTATTACTGTCAGCAGCGTCGTACGGACTACACTTTTGGCCAGGGGACCAAGCTGG	188	217
assemble144	3S54N230M28S3N		233S28M10N	GTCACCATCACTTGTCGGGCGAGTCAGGATATTAGCAGGTATTTAGCCTGGTATCAGCAAAAACCAGGGAAAGCCCCTAACCTCCTGATCTATGCTGCATCCACTTTGCAAAGTGGGGTCCCATCAAGGTTCAGCGGCAGTGGATCTGGGACAGATTTCACTCTCACCATCAGAAACCTGCAGTCTGAAGATTTTGCAACTTATTACTGTCAACAGTATTATACTTACCCGATCACCTTCGGCCATGGGACACGACTG	GTCACCATCACTTGTCGGGCGAGTCAGGGTATTAGCAGTTATTTAGCCTGGTATCAGCAAAAACCAGGGAAAGCCCCTAAGCTCCTGATCTATGCTGCATCCACTTTGCAAAGTGGGGTCCCATCAAGGTTCAGCGGCAGTGGATCTGGGACAGATTTCACTCTCACCATCAGCTGCCTGCAGTCTGAAGATTTTGCAACTTATTACTGTCAACAGTATTATAGTTACCCGATCACCTTCGGCCAAGGGACACGACTG	207	239
assemble147	3S60N227M28S3N		230S1N25M3S13N	CTCTCCTGCAGGGCCGGTCAGAGTTTTAGCAGCAGTTACTTTGCCTGGTTTCAGCAGAGACCTGGCCAGGCTCCCAGGCTCCTCATCTATAGTACCTCCTACAGGGCCACTGGCATCCCAGACAGGTTCAGTGGCAGTGGGTCTGGGACAGACTTCACTCTCACCATCAGCAGACTGGAGCCTGAAGATTTTGCAGTGTATTACTGTCAGCAGTATGGTAGTTCACCGTACACTTTTGGCCAGGGGACCAAG	CTCTCCTGCAGGGCCAGTCAGAGTGTTAGCAGCAGCTACTTAGCCTGGTACCAGCAGAAACCTGGCCAGGCTCCCAGGCTCCTCATCTATGGTGCATCCAGCAGGGCCACTGGCATCCCAGACAGGTTCAGTGGCAGTGGGTCTGGGACAGACTTCACTCTCACCATCAGCAGACTGGAGCCTGAAGATTTTGCAGTGTATTACTGTCAGCAGTATGGTAGCTCACCGTACACTTTTGGCCAGGGGACCAAG	204	236
assemble149	3S194N102M54S	119S2N20M20S9N	136S17N23M22N	GGGCCGATTCACCATCTCCAGAGACAATTCCAAGAACACGCTGTATCTGCAAATGAACAACCTGAGAGCTGAGGACACGGCTCTGTATTATTGCACGAAAGATAGGACGTTTACGCATTACGACATCCTGACGGGTATGGACGTCTGGGGCCAAGG	GGGCCGATTCACCATCTCCAGAGACAATTCCAAGAACACGCTGTATCTGCAAATGAACAGCCTGAGAGCTGAGGACACGGCTGTGTATTACTGTGCGAAAGATAGGACGTTTACGCATTACGATATTTTGACTGGTATGGACGTCTGGGGCCAAGG	91	147
assemble155	2S128N166M26S2N			GGGGCTGGAGTGGATCTCAGTTATTGGTGCTAGTGATGGTAACACATACTACGCAGACTCCGTGAAGGGCCGGTTCACCATCTCCAGAGACAATTCCAAGAACACGCTGTTTCTGCACATGAACAGCCTGAGAGCCGAGGACTCGGCCCTATATTACTGTGCGAAA	GGGGCTGGAGTGGGTCTCAGCTATTAGTGGTAGTGGTGGTAGCACATACTACGCAGACTCCGTGAAGGGCCGGTTCACCATCTCCAGAGACAATTCCAAGAACACGCTGTATCTGCAAATGAACAGCCTGAGAGCCGAGGACACGGCCGTATATTACTGTGCGAAA	157	-1
assemble161	2S112N174M27S1N		178S5N24M1S10N	AGAAACCTGGCCAGGTTCCCAGGCTCCTCATCTATGGTGCATCTACCAGGGCCACTGGTATCCCAGCCAGCTTCCGTGGCAGTGGGTCTGGGACAGAGTTCACTCTCACCATCAGCAGCCTGCAGTCTGAAGATTTTGCAGTTTATTACTGTCAGCAGTATGATAGCTGGCCTCAGACTTTTGGCCAGGGGACCAAGCTG	AGAAACCTGGCCAGGCTCCCAGGCTCCTCATCTATGGTGCATCCACCAGGGCCACTGGTATCCCAGCCAGGTTCAGTGGCAGTGGGTCTGGGACAGAGTTCACTCTCACCATCAGCAGCCTGCAGTCTGAAGATTTTGCAGTTTATTACTGTCAGCAGTATAATAACTGGCCTCAGACTTTTGGCCAGGGGACCAAGCTG	149	181
assemble169	3S86N210M33S6N		216S29M1S9N	CCTACATAGTAATGGTCACAACTATTTGGATTGGTACCTGCAGAGGCCAGGGCAGTCTCCACAGCTCCTGATATATATGACTTCTAATCGGGCCTCCGGGGTCCCTGACAGGTTCAGTGGCAGTGGATCAGGCACGGATTTTACACTGAAAATCAGCAGAGTGGAGGCTGAGGATTTTGGAGTTTATTACTGCATGCAAGGTCTACAAACCTTGATCACCTTCGGCCAAGGGACACGACAGG	CCTGCATAGTAATGGATACAACTATTTGGATTGGTACCTGCAGAAGCCAGGGCAGTCTCCACAGCTCCTGATCTATTTGGGTTCTAATCGGGCCTCCGGGGTCCCTGACAGGTTCAGTGGCAGTGGATCAGGCACAGATTTTACACTGAAAATCAGCAGAGTGGAGGCTGAGGATGTTGGGGTTTATTACTGCATGCAAGCTCTACAAACCTTGATCACCTTCGGCCAAGGGACACGACTGG	190	222
assemble171	3S153N120M60S14N		134S3N35M14S	TCCACCAGGGCCACTGGTATCCCAGCCAGGTTCAGTGGCAGTGGGTCTGGGACAGAGTTCACTCTCACCATCAGCAGCCTGCTGTCTGAAGACTTTGCAGTCTATTACTGTCAGCAATATGATCAGTGGGTGACGTTCGGCCAAGGGACTAAGGTGGAGTTGAAAG	TCCACCAGGGCCACTGGTATCCCAGCCAGGTTCAGTGGCAGTGGGTCTGGGACAGAGTTCACTCTCACCATCAGCAGCCTGCAGTCTGAAGATTTTGCAGTTTATTACTGTCAGCAGTATGATCAGTGGGTGACGTTCGGCCAAGGGACCAAGGTGGAAATCAAAC	108	137
assemble178	3S60N203M5S11N			CGTTGATGGTTATAATTATGTCTCCTGGTACCAACAACACCCAGGCAAAGCCCCCAAAGTCATGATTTATCATGTTAGTGATCGGCCCTCAGGGGTTTCTGATCGCTTCTCTGGCTCCAAGTCTGGCAACACGGCCTCCCTGACCATCTCTGGGCTCCAGACTGAGGACGAGGCTGATTATTTCTGCGCCTCATATACAAGCA	CGTTGGTGGTTATAACTATGTCTCCTGGTACCAACAACACCCAGGCAAAGCCCCCAAACTCATGATTTATGATGTCAGTAATCGGCCCTCAGGGGTTTCTAATCGCTTCTCTGGCTCCAAGTCTGGCAACACGGCCTCCCTGACCATCTCTGGGCTCCAGGCTGAGGACGAGGCTGATTATTACTGCAGCTCATATACAAGCA	184	-1
assemble205	4S149N132M17S6N			GGCGTCTACTTTAGAAAGTGGGGTCCCTTCAAGGTTCAGCGGCAGTGGATCTGGGACCGAATTCACTCTCACCATCAGCAGCCTGCAGCTTGATGATTTTGCAACTTACTACTGCCAACATTATAATAGTTA	GGCGTCTAGTTTAGAAAGTGGGGTCCCATCAAGGTTCAGCGGCAGTGGATCTGGGACAGAATTCACTCTCACCATCAGCAGCCTGCAGCCTGATGATTTTGCAACTTATTACTGCCAACAGTATAATAGTTA	112	-1
assemble213	88N196M30S3N		196S30M8N	GTTGCTGGATGGCCTGGTATCAGCAGAAACCAGGGAAAGCCCCTAAGGTCCTGATCTATAAGGCGTCTAGTTTAGAAACTGGGGTCCCATCAAGATTCAGCGGCAGTGAGTCTGGGACAGAATTCACTCTCACCATCAGCAGCCTGCAGCCTGATGACTTCGCAACTTATTACTGCCAACAGTATTATAGTTATTCGTGGACGTTCGGCCAAGGGACCAAGGTGGA	GTAGCTGGTTGGCCTGGTATCAGCAGAAACCAGGGAAAGCCCCTAAGCTCCTGATCTATAAGGCGTCTAGTTTAGAAAGTGGGGTCCCATCAAGGTTCAGCGGCAGTGGATCTGGGACAGAATTCACTCTCACCATCAGCAGCCTGCAGCCTGATGATTTTGCAACTTATTACTGCCAACAGTATAATAGTTATTCGTGGACGTTCGGCCAAGGGACCAAGGTGGA	173	205
assemble231	2S251N3M1I44M136S	74S7N15M96S9N	94S2N48M43S	GAG-TCTGTGACCGCAGCGGACACGGCCTTTTATTACTGTGCGACAGATCGTCGCTCCCCCCCCCAATATGGAGATTTTTGGAATGGTCCATAATGCTTTTGATATCTGGGGCCAGGGGACAACGGTCACCGTCTCTTCAG	GAGCTCTGTGACCGCCGCGGACACGGCCGTGTATTACTGTGCGAGAGATCGTCGCTCCCCCCCCCAATATGGAGATTTTTGGAGTGGTCCATAATGCTTTTGATATCTGGGGCCAAGGGACAATGGTCACCGTCTCTTCAG	37	109
assemble232	56S91M68I128M76S		278S3N35M38S	CAAGTAGTGATGACGCAGTCTCCAGCCACCCTGTCTGTGTCTCCAGGGGAGAGAGCCACCCTCTCCTGCAGGGCCAGTGAGAGTGTTGGCA--------------------------------------------------------------------NNNNNNNCTGGTATCCCAGCCAGGTTCAGTGGCAGTGGGTCTGGGACAGAGTTCACTCTCACCATCAGCAGCCTGCAGTCTGAAGATTTTGCAGTTTATTACTGTCATCAGTATGATAACTGGCCTCCGCACACTTTCGGCGGAGGGACGAAGGTGGAGATCAAAC	GAAATAGTGATGACGCAGTCTCCAGCCACCCTGTCTGTGTCTCCAGGGGAAAGAGCCACCCTCTCCTGCAGGGCCAGTCAGAGTGTTAGCAGCAACTTAGCCTGGTACCAGCAGAAACCTGGCCAGGCTCCCAGGCTCCTCATCTATGGTGCATCCACCAGGGCCACTGGTATCCCAGCCAGGTTCAGTGGCAGTGGGTCTGGGACAGAGTTCACTCTCACCATCAGCAGCCTGCAGTCTGAAGATTTTGCAGTTTATTACTGTCAGCAGTATAATAACTGGCCTCCGCACACTTTCGGCGGAGGGACCAAGGTGGAGATCAAAC	261	296
assemble241	3S203N93M122S	106S2N9M1D4M98S4N	125S3N45M48S	CACCGTCTCCAGAGACAACGCCAAGAACTCACTGTATCTGCAAATGAACAGCCTGAGAGTCGAGGACACGGCCGTCTATTACTGTGCGAGAGAACTTTTCTCCACTATGGTGACTAAGCCGCACTTGGACTACTGGGGCCAGGGAACCCTGGTCACCGTCTCCTCAG	CACCATCTCCAGAGACAACGCCAAGAACTCACTGTATCTGCAAATGAACAGCCTGAGAGCCGAGGACACGGCCGTGTATTACTGTGCGAGAGAACTTTTCTCCACTATGGTG-CTAAGCCGCACTTTGACTACTGGGGCCAGGGAACCCTGGTCACCGTCTCCTCAG	82	135
assemble243	3S83N203M12S1N			CATTTACAACTACTTAAATTGGTATCAGCAGAAACCAGGGAAAGCCCCTAAACTCCTGATCTATGCTGCATCCAGTTTACAAAGTGGCGTCCCATCAAGGTTCAGTGGCAGTGGATCTGGGACAGATTTCACTCTCACCATCAACAGTCTGCAACCTGAAGATTTTGCAACTTACTACTGTCAACAGGGTTCCAGTACCCCTC	CATTAGCAGCTATTTAAATTGGTATCAGCAGAAACCAGGGAAAGCCCCTAAGCTCCTGATCTATGCTGCATCCAGTTTGCAAAGTGGGGTCCCATCAAGGTTCAGTGGCAGTGGATCTGGGACAGATTTCACTCTCACCATCAGCAGTCTGCAACCTGAAGATTTTGCAACTTACTACTGTCAACAGAGTTACAGTACCCCTC	178	-1
assemble259	3S261N22M187S4N		31S3N36M145S	TGCCAACAGTTTACTAGTTACCGTCGAAACACTTTTGGCCAGGGGACCAAGCTGGAGATCAAAC	TGCCAACAGTATAATAGTTACCGTCGAAACACTTTTGGCCAGGGGACCAAGCTGGAGATCAAAC	0	35
assemble261	3S49N124M1I77M7S25N			CAGTGAAGGTTTCCTGCAAGGCTTCTGGATACACTTTCACTACTTTTGCTATCCATTGGGTGCGCCAGGCCCCCGGACAAAGACTTGAGTGGATGGGGTGGATCAACGCTGACGCTGGTGACAC-AAATACTCACTGAAGTTCCAGGGCAGAGTCACCTTCACCAGAGACACATCCGCGAGCGTTGCCTACATGGAACTGAG	CAGTGAAGGTTTCCTGCAAGGCTTCTGGATACACCTTCACTAGCTATGCTATGCATTGGGTGCGCCAGGCCCCCGGACAAAGGCTTGAGTGGATGGGATGGATCAACACTGGCAATGGTAACACAAAATATTCACAGAAGTTCCAGGGCAGAGTCACCATTACCAGGGACACATCCGCGAGCACAGCCTACATGGAGCTGAG	184	-1
assemble262	2S150N127M82S10N		136S1N38M37S	GCATCCAAGTTGGAAAACGGGGTCCCATCAAGATTCAGTGGAAGTGGATCTGGGACACATTTTAGTCTCACCATCACCAGCCTGCAGCCTGAAGATATTGCAACATATTACTGTCAACAGTGTGATAGTTTCCCGTACACTTTCGGCCAGGGGACCAAGCTGGAGATCAAAC	GCATCCAATTTGGAAACAGGGGTCCCATCAAGGTTCAGTGGAAGTGGATCTGGGACAGATTTTACTTTCACCATCAGCAGCCTGCAGCCTGAAGATATTGCAACATATTACTGTCAACAGTATGATAGTTTCCCGTACACTTTTGGCCAGGGGACCAAGCTGGAGATCAAAC	111	143
assemble263	3S78N193M14S16N			CAGAACATTAACACCTATTTAAATTGGTATCAGCAGAAACCAGGGAAGGCCCCTAAACTCCTGATCTATGGTGCATCCAATTTGCAAAGTGGGGTCCCGTCGAGGTTTAGTGGCCGTGGATCTGGGACAGATTTCACTCTCACCATCAGCAGTCTCCAACCTGAAGATTTTGCAACTTATTACTGTCAACAGA	CAGAGCATTAGCAGCTATTTAAATTGGTATCAGCAGAAACCAGGGAAAGCCCCTAAGCTCCTGATCTATGCTGCATCCAGTTTGCAAAGTGGGGTCCCATCAAGGTTCAGTGGCAGTGGATCTGGGACAGATTTCACTCTCACCATCAGCAGTCTGCAACCTGAAGATTTTGCAACTTACTACTGTCAACAGA	183	-1
assemble265	2S187N95M113S5N	100S6N8M102S2N	113S5N42M55S	GGTACAAAGTCTCTCGAAAAGAGAAGAGGAATTTCCCCCTGATCCTGGAGTCGCCCAGCCCCAACCAGACCTCTCTGTACTTCTGTGCCAGCAGTCTCAGCGGGAGTCGAAACGAGCAGTACTTCGGGCCGGGCACCAGGCTCACGGTCACAG	GGTACAAAGTCTCTCGAAAAGAGAAGAGGAATTTCCCCCTGATCCTGGAGTCGCCCAGCCCCAACCAGACCTCTCTGTACTTCTGTGCCAGCAGTCTCAGCGGGAGTCGAAACGAGCAGTACTTCGGGCCGGGCACCAGGCTCACGGTCACAG	83	124
assemble268	4S212N80M125S4N	112S21N8M89S2N	123S15N47M39S	CAGGGACACATCCGCGAGCACAACCTACATGGAACTGAGCAGCCTGAGATCTGAAGACACGGCTGCCTATTACTGTGCGACCCTCAGGGGGCAGTCTTCCAACCAGGTCTGGTACTTCGACGGTATGGACGTCTGGGGCCAAGGGACCACGGTCACCGTCTCCTCA	CAGGGACACATCCGCGAGCACAGCCTACATGGAGCTGAGCAGCCTGAGATCTGAAGACACGGCTGTGTATTACTGTGCGACCCTCAGGGGGCAGTCTTCCAACCAGGTCTGCTACTTCGACGGTATGGACGTCTGGGGCCAAGGGACCACGGTCACCGTCTCCTCA	73	135
assemble272	1S144N137M27S6N		141S22M2S16N	TATCTTGCCTCCAGTTTGCAAAGTGGGGTCCCATCAAGGTTCAGTGGCAGTGGATCTGGGACAGATTTTACTCTCACCATCAGCAGTCTGCAACCTGAAGATTTTGCAACTTATTACTGTCAACAGACTTACATTACGGCGCTCACTTTCGGCGGAGGGACC	TATGCTGCATCCAGTTTGCAAAGTGGGGTCCCATCAAGGTTCAGTGGCAGTGGATCTGGGACAGATTTCACTCTCACCATCAGCAGTCTGCAACCTGAAGATTTTGCAACTTACTACTGTCAACAGAGTTACAGTACGGCGCTCACTTTCGGCGGAGGGACC	117	149
assemble273	3S231N71M133S3N	83S13N17M107S1N	107S16N46M54S	TCCAAGAACCAGTTCTCCCTACAACTGATCTCTGTGACTCCCGACGACACGGCTGTCTATTACTGTGCAAGGAACCTGCCAGTACCTGGTGCTACGCACTATTTCTACATGGACTTCTGGGGCACAGGGACAACGGTCACCGTCTCCTCA	TCCAAGAACCAGTTCTCCCTGCAGCTGAACTCTGTGACTCCCGAGGACACGGCTGTGTATTACTGTGCAAGGAACCTGCCAGTACCAGCTGCTATGCACTATTTCTACATGGACGTCTGGGGCAAAGGGACCACGGTCACCGTCTCCTCA	63	119
assemble282	3S201N94M113S1N	123S9N5M1D4M77S13N	118S11M9I43M38S	GTCACAAGGACCACAGACACATCCACGAACACAGCCTACATGGAGCTGAGGAGCCTGAAATCTGACGACACGGCCGTGTATTACTGTGCGCGAGCGCAGGGAGTGTGGCCCTACTATTACATTACTACTAC---------ATGGAAGTCTGGGGCAAAGGGACCACGGTCACCGTCTCCTCAG	GTCACCATGACCACAGACACATCCACGAGCACAGCCTACATGGAGCTGAGGAGCCTGAGATCTGACGACACGGCCGTGTATTACTGTGCGAGAGCGCAGGGAGTGTGGCCCTACTATTACATTACTACTACTACTACGGTATGGACGTCTGGGGCAAAGGGACCACGGTCACCGTCTCCTCAG	84	151
assemble287	1S231N59M143S3N	65S3N8M130S5N	81S4N47M75S	TTCTCCCTGAAGGTGAGGTCTGTGACCGCCGCGGACACGGCTGTCTATTACTGTGCGAGGTTGCCTACGGTGTCACGGGCCTGGTTCGACCCCTGGGGCCAGGGAACCCTGGTCACCGTCACCTCAG	TTCTCCCTGAAGCTGAGCTCTGTGACCGCCGCGGACACGGCTGTGTATTACTGTGCGAGGTTGCCTACGGTGTCACGGGCCTGGTTCGACCCCTGGGGCCAGGGAACCCTGGTCACCGTCTCCTCAG	51	95
assemble292	3S117N176M23S4N		189S4N13M21N	CCAGGGAAGGCCCCTCACTACTTGATGACGCTTGAAGGTAGTGGAAACTACAACAAGGGGAGCGGAGTTCCTGATCGCTTCTCAGGCTCCAGCTCTGGGGCTGACCGCTACCTCACCATCTCCAACCTCCAGTCTGACGATGAGGCTGACTATTATTGTGAGACGTGGGACGGTAATCCCCATGTAGTATTCGGCGGAG	CCAGGGAAGGCCCCTCGGTACTTGATGAAGCTTGAAGGTAGTGGAAGCTACAACAAGGGGAGCGGAGTTCCTGATCGCTTCTCAGGCTCCAGCTCTGGGGCTGACCGCTACCTCACCATCTCCAACCTCCAGTCTGAGGATGAGGCTGATTATTACTGTGAGACCTGGGACAGTAATCCCCATGTAGTATTCGGCGGAG	156	191
assemble300	3S175N105M90S7N		111S2N36M51S	CATCAAGGTTCAGCGGCAGTGGATCTGGGACAGAGTTCACTCTCACAATCAGCAGCCTGCAGCCTGAAGATTTTGCAACTTATTATTGTCAACAACTTAATAGTTTTCGGACGTTCGGCCAAGGGACCAAGGTGGAAGTCAAAC	CATCAAGGTTCAGCGGCAGTGGATCTGGGACAGAATTCACTCTCACAATCAGCAGCCTGCAGCCTGAAGATTTTGCAACTTATTACTGTCAACAGCTTAATAGTTTTCGGACGTTCGGCCAAGGGACCAAGGTGGAAATCAAAC	86	115
assemble306	1S123N173M23S			GGGAAGGGGCTGGTGTGGGTCTCACGTATCAATGCTGATGGGAGCAACACAAGCCACGCGGACTCCGTGAGGGGCCGATTCACCATCTCCAGAGACAACGCCAAGAACACGTTGTATCTGCAAATGAACAGTCTGAGAGCCGAGGACACGGCTGTGTATTCCTGTGCAAGAGA	GGGAAGGGGCTGGTGTGGGTCTCACGTATTAATAGTGATGGGAGTAGCACAAGCTACGCGGACTCCGTGAAGGGCCGATTCACCATCTCCAGAGACAACGCCAAGAACACGCTGTATCTGCAAATGAACAGTCTGAGAGCCGAGGACACGGCTGTGTATTACTGTGCAAGAGA	162	-1
assemble307	2S213N82M113S1N	97S3N19M81S6N	117S6N42M38S	GCGGACAAATCCACGAGCACAGCCTACATGGAGCTGAGCAGCCTGACATCTGAGGACACGGCCGTATATTACTGTGCGAGAGTAGCCCTCCGAGAATATTGTGGTGGTGATTGCCTTGACTACTGGGGCCAGGGAACCCTGGTCACCGTCTCCTCAG	GCGGACAAATCCACGAGCACAGCCTACATGGAGCTGAGCAGCCTGAGATCTGAGGACACGGCCGTGTATTACTGTGCGAGAGTAGCCCTCCGAGAATATTGTGGTGGTGATTGCCTTGACTACTGGGGCCAGGGAACCCTGGTCACCGTCTCCTCAG	72	125
assemble318	3S191N102M89S3N	108S16M70S	126S3N50M18S	GAAGGGCCGATTCACCATCTCCAGAGACAATTCCCAGAACACGGTGTTTCTTCAAATGAACAGCCTGAGACCTGACGACACGGCTGTTTATTACTGTGCGAGGGTTGACTACGGTGACTACGCCTGGTACTTCGATCTCTGGGGCCGTGGCACCCTGGTCACTGTCTCATCAG	GAAGGGCCGATTCACCATCTCCAGAGACAATTCCAAGAACACGCTGTATCTTCAAATGAACAGCCTGAGAGCTGAGGACACGGCTGTGTATTACTGTGCGAGGGTTGACTACGGTGACTACGCCTGGTACTTCGATCTCTGGGGCCGTGGCACCCTGGTCACTGTCTCCTCAG	94	141
assemble319	2S184N115M77S3N	128S8N9M57S14N	139S11N37M18S	ACGCTGCACCCGTGAAAGGCAGATTCACCATCTCAAGAGATGATTCAAAGAACACGCTGTATCTCCAAATGAATAGCCCGAAAACCGAGGACACAGCCATATATTACTGTACCACCACCGAAGGGGGTACTAGTAAATACTGGGGCCAGGGAACCCTGGTCACCGTCTCCTCAG	ACGCTGCACCCGTGAAAGGCAGATTCACCATCTCAAGAGATGATTCAAAAAACACGCTGTATCTGCAAATGAACAGCCTGAAAACCGAGGACACAGCCGTGTATTACTGTACCACCACCGAAGGGGGTAGTAGTAAATACTGGGGCCAGGGAACCCTGGTCACCGTCTCCTCAG	107	142
assemble320	29S177N117M47S2N			TACGCAGACTCCGTGAAGGGCCGGTTCACCATCTCCAGGGACACTTCCGAGAACACACTGTTTCTCCAAGTGAACAGCCTGAGAGCCGAGGACACGGCCGTATATTACTGTGCGAAA	TACGCAGACTCCGTGAAGGGCCGGTTCACCATCTCCAGAGACAATTCCAAGAACACGCTGTATCTGCAAATGAACAGCCTGAGAGCCGAGGACACGGCCGTATATTACTGTGCGAAA	108	-1
assemble326	2S217N64M125S6N	70S10N6M115S	77S5N42M72S	GCTTCTCCCTGATTCTGGAGTCCGCCAGCACCAACCAGACATCTATGTACCTCTGTGCCAGCAGCCTCGGAGGGAACGAGCAGTACTTCGGGCCGGGCACCAGGCTCACGGTCACAG	GCTTCTCCCTGATTCTGGAGTCCGCCAGCACCAACCAGACATCTATGTACCTCTGTGCCAGCAGCCTCGGAGGGAACGAGCAGTACTTCGGGCCGGGCACCAGGCTCACGGTCACAG	53	88
assemble333	2S213N82M105S1N	121S10N15M53S6N	115S10M6D40M18S	GCGGACAAATCAACAACCACAGGCTACATGGCGTTGAGCGGCCTGACGTCCGCAGACACGGCCGTCTACTACTGTGCGAGAGGACGTTGTACTAATTCCAATTGTTACTTTCGTGATCCTGATCCTTTTGAATTGGATATCTGGGGCCAGGGGACAATGGTCACCGTCTCTTCAG	GCGGACAAATCCACGAGCACAGCCTACATGGAGCTGAGCAGCCTGAGATCTGAGGACACGGCCGTGTATTACTGTGCGAGAGGACGTTGTACTAATTCCAATTGTTACTTTCGTGATCCTGATGCTTTT------GATATCTGGGGCCAAGGGACAATGGTCACCGTCTCTTCAG	72	143
assemble335	2S252N44M142S	70S9N6M1I4M108S3N	75S11N42M71S	AGGCTGACAGTCGACGACACGGCCGTATATTATTGTGCGAAAGACTGGTACGGAGATTATGGCCCCGGGTGGCTCGATATCTGGGGCCGTGGCACCCTGGTCATCGTCTCATCAG	AGCCTGAGAGCCGAGGACACGGCCGTATATTACTGTGCGAAAGACTGGTACGGAGATTATGGCCCCGGGTGGCTCGATCTCTGGGGCCGTGGCACCCTGGTCACTGTCTCCTCAG	33	83
assemble339	3S191N105M79S	123S3N13M51S	130S8N40M17S	GAAGGGCCGGTTCGTCATCTCCAGAGACAATTCCAGGGACATTCTGTATCTACAAATGAGCAGCCTGAGAGCCGAGGACACGGCCGTCTATTATTGTGCCAGAGAACCTAATTCGGGGAGCTACGGAGACTACTGGGGCCAGGGAACCCTGGTCGCCGTCTCCTCAG	GAAGGGCCGATTCACCATCTCCAGAGACAATTCCAAGAACACGCTGTATCTGCAAATGAACAGCCTGAGAGCCGAGGACACGGCTGTGTATTACTGTGCGAGAGAACCTAATTCGGGGAGCTACGGTGACTACTGGGGCCAGGGAACCCTGGTCACCGTCTCCTCAG	94	135
assemble354	3S199N103M29S3N		110S1N25M12N	GATTCAGTGGCGGGGGGTCTGGGACAGATTTCACTCTCACCATCAGCAGCCTGCAGGCTGAAGATGTGGCAGTTTATTACTGTCAGCAATATTATAGTATTCCCGCACTCACTTTCGGCGGAGGGACCAAGG	GATTCAGTGGCAGCGGGTCTGGGACAGATTTCACTCTCACCATCAGCAGCCTGCAGGCTGAAGATGTGGCAGTTTATTACTGTCAGCAATATTATAGTACTCCCGCACTCACTTTCGGCGGAGGGACCAAGG	80	115
assemble357	3S127N157M23S3N		160S23M15N	CCCCTAAGCGCCTGATCTATGGTGCATCCAATTTGCACAGTGGTGTCCCATCAAGGTTTAGCGGCAGTGCCTCTGGGACAGAATTCACTCTCACAATCAGCAGCCTGCAGCCTGAAGATTGTGCAACTTATTACTGTCTACAGGAAAATAGTTTCCCGCTCACTTTCGGCGGAGGGACCA	CCCCTAAGCGCCTGATCTATGCTGCATCCAGTTTGCAAAGTGGGGTCCCATCAAGGTTCAGCGGCAGTGGATCTGGGACAGAATTCACTCTCACAATCAGCAGCCTGCAGCCTGAAGATTTTGCAACTTATTACTGTCTACAGCATAATAGTTACCCGCTCACTTTCGGCGGAGGGACCA	134	166
assemble358	3S127N141M3I12M27S4N			CCCCTAAACTCCTGATCTATAAGGCGTCTACTTTAGAGAGTGGGGTCCCATCAAGGTTCAGCGGCAGTGGCTCTGGGACAGAATTCACTCTCACCATCAGCAGCCTGCAGCCTGTTGATTCAGCAACTTATTACTGCCAAC---ATTATAGTTATT	CCCCTAAGCTCCTGATCTATAAGGCGTCTAGTTTAGAAAGTGGGGTCCCATCAAGGTTCAGCGGCAGTGGATCTGGGACAGAATTCACTCTCACCATCAGCAGCCTGCAGCCTGATGATTTTGCAACTTATTACTGCCAACAGTATAATAGTTATT	134	-1
assemble362	3S177N106M30S4N		110S29M9N	GCCAGGTTCAGTGGCAGTGGGTGGGGGACAGACTTCACTCTCACCATCAGCAGCCTAGAGCCTGAAGATTTTGCAGTTTATTACTGTCAGCAGCGTAGCAACTGGCTGCTCACTTTCGGCGGAGGGACCAGGGAGG	GCCAGGTTCAGTGGCAGTGGGTCTGGGACAGACTTCACTCTCACCATCAGCAGCCTAGAGCCTGAAGATTTTGCAGTTTATTACTGTCAGCAGCGTAGCAACTGGCTGCTCACTTTCGGCGGAGGGACCAAGGTGG	84	116
assemble367	1S207N94M87S1N	126S15N8M48S5N	125S6N42M15S	TTCACCATCTCAAGAGATGATTCAAAAAACACGCTGTATCTACAAATGAACAACCTGAAAAGTGAGGACACAGGCATATATTACTGTACCACAGTCTTTCCCGGAATTAGTTTCCAGAGAGACATTTGACTACTGGGGCCAGGGAGACCTGGTCACCGTCTCCTCAG	TTCACCATCTCAAGAGATGATTCAAAAAACACGCTGTATCTGCAAATGAACAGCCTGAAAACCGAGGACACAGCCGTGTATTACTGTACCACAGTCTTTCCCGGAATTAGTTTCCAGAGAGACATTTGACTACTGGGGCCAGGGAACCCTGGTCACCGTCTCCTCAG	84	135
assemble369	3S254N35M117S4N	48S29M78S2N	85S2N9M9I43M18S	GACCGCCGCAGACACGGCCGTTTATTACTGTGCGACCGGTTCGGGGTATTACGATTCTTTGACTGGTTATTATATATCTGGCTACTACTAC---------ATGGACGTCTGGGGCAAAGGGACCACGGTCACCGTCTCCTCAG	GACCGCCGCAGACACGGCCGTGTATTACTGTGCGACCGGTTCGGGGTATTACGATATTTTGACTGGTTATTATATATCTGGCTACTACTACTACTACGGTATGGACGTCTGGGGCAAAGGGACCACGGTCACCGTCTCCTCAG	28	111
assemble376	3S137N139M38S11N		150S1N29M1S9N	CCTGATCTACGATGCATCCAATTTGGAAACAGGGGTCCCATCAAGGTTCAGTGGAAGTGGATTTGGGGCTGATTTTACTTTCACCATTAGCAGCCTGCAGCCTGAAGATTTTGCAACATATTACTGTCAACAATATGATTTTGTCCCGTACACTTTTGGCCAGGGGACCAAGCTGG	CCTGATCTACGATGCATCCAATTTGGAAACAGGGGTCCCATCAAGGTTCAGTGGAAGTGGATCTGGGACAGATTTTACTTTCACCATCAGCAGCCTGCAGCCTGAAGATATTGCAACATATTACTGTCAACAGTATGATTTTGTCCCGTACACTTTTGGCCAGGGGACCAAGCTGG	124	156
assemble380	3S227N66M110S3N	78S6N9M92S6N	94S2N46M39S	GAACACGGTGTATCTGCAACTTAACAGCCTGAGAGCCGAGGACACGGCCATATATTACTGTGCGAAGGATCGCAAAGCAGCAGCCCCTTGGTACTTTGACTACTGGGGCCAGGGAACCCTGGTCACCGTCTCCTCAG	GAACACGCTGTATCTGCAAATGAACAGCCTGAGAGCCGAGGACACGGCCGTATATTACTGTGCGAAGGATCGCAAAGCAGCAGCCCCTTGGTACTTTGACTACTGGGGCCAGGGAACCCTGGTCACCGTCTCCTCAG	58	105
assemble381	2S232N64M113S	93S12N16M70S3N	112S2N49M18S	CAGTCTACATGGAGATGAGCAGCCTGAGATCTGAAGACACGGCTGTATATTATTGTGCGAGAGATGGGTCGGAGGGATACTACTATGAAAGTAGTAGTGGTTATTACCAAAACTGGCTGGACCCCTGGGGCCAGGGAACCCTGGTCACCGTCTCCTCAG	CAGCCTACATGGAGCTGAGCAGCCTGAGATCTGAAGACACGGCTGTGTATTACTGTGCGAGAGATGGGTCGGAGGGATACTACTATGAAAGTAGTAGTGGTTATTACCAAAACTGGTTCGACCCCTGGGGCCAGGGAACCCTGGTCACCGTCTCCTCAG	53	127
assemble386	7S169N126M45S1N			ATACCAGATATAGGCCGTCCTTCCAAGGCCAGGTCACCATGTCTGTCGACAAGTCCACCAACACCGCCTACCTGCAGTGGGGCAGCCTGGAGGCCTCGGACACCGCCATTTATTTCTGTGCGAGAC	ATACCAGATACAGCCCGTCCTTCCAAGGCCAGGTCACCATCTCAGCCGACAAGTCCATCAGCACCGCCTACCTGCAGTGGAGCAGCCTGAAGGCCTCGGACACCGCCATGTATTACTGTGCGAGAC	116	-1
assemble390	3S238N48M126S4N	55S3N5M117S4N	64S7N41M72S	TGAGCAACATGAGCCCTGAAGACAGCAGCATATATCTCTGCAGCGTTGCCGAACAGGCGAGGACCCAGTACTTCGGGCCAGGCACGCGGCTCCTGGTGCTCG	TGAGCAACATGAGCCCTGAAGACAGCAGCATATATCTCTGCAGCGTTGCCGAACAGGCGAGGACCCAGTACTTCGGGCCAGGCACGCGGCTCCTGGTGCTCG	38	73
assemble391	3S148N151M23S3N			GTGTTCTAAGCAACTCTGATGGTGGGACAACAGACTACGCTGCACCCGTGAGGGGCAGATTCACCATCTCAAGAGATGATTCAAAAAACACGCTGTATCTGCAAATGAACAGCCTGAAAACCGAGGACACAGCCGTCTAATACTGCACCAC	GTATTAAAAGCAAAACTGATGGTGGGACAACAGACTACGCTGCACCCGTGAAAGGCAGATTCACCATCTCAAGAGATGATTCAAAAAACACGCTGTATCTGCAAATGAACAGCCTGAAAACCGAGGACACAGCCGTGTATTACTGTACCAC	143	-1
assemble396	2S143N156M18S			GTGGATTGGGAGTATCTTTTATAGTGGGACCACTGATTACAATCCGTCCCTCAGGGGTCGAGTCACCCTGTCGGTGGATACGTCCAACAACCTCTTTTCCCTGAAGTTGAGCCCTGTCACCGCAGCGGACACTGCCTTTTATTACTGTGCGACAGA	GTGGATTGGGAGTATCTATTATAGTGGGAGCACCTACTACAACCCGTCCCTCAAGAGTCGAGTCACCATATCAGTAGACACGTCCAAGAACCAGTTCTCCCTGAAGCTGAGCTCTGTGACCGCCGCGGACACGGCCGTGTATTACTGTGCGAGAGA	145	-1
assemble397	3S150N143M30S			ATCTATTACATTGGGAACACCAACTACAACCCCTCCCTCAAGAGTCGAGTCACCATATCAATAGACATGTCCAAGAACCAGTTGTCCCTGAAGCTGAACTCTGTGACCGCTGCGGACACGGCCGTCTATTATTGTGCGAGAGA	ATCTATTACAGTGGGAGCACCAACTACAACCCCTCCCTCAAGAGTCGAGTCACCATATCAGTAGACACGTCCAAGAACCAGTTCTCCCTGAAGCTGAGCTCTGTGACCGCTGCGGACACGGCCGTGTATTACTGTGCGAGAGA	132	-1
assemble399	3S238N61M112S3N	64S8N12M100S	87S9N39M50S	CGGTGTTTCTGCAAATGGACAGCCTGAGAACCGAGGACACAGCCACTTATTACTGTGCCACGGCTATAATCACTACGTCCCTTAACTTCTGGGGCCAGGGAACCCTGGTCATCGTCGCCTCAG	CGCTGTATCTGCAAATGAACAGCCTGAAAACCGAGGACACAGCCGTGTATTACTGTACCACGGCTACAATTACTACGTCCCTTAACTACTGGGGCCAGGGAACCCTGGTCACCGTCTCCTCAG	53	91
assemble413	3S128N156M14S3N		163S5N10M24N	CCCGAACGTCCTCATCTATAGTGCGTCCATTTTAGAAAGTGGAGTCCCATCCAGGTTCAGTGGCAGTGGATCTGGGACAGATTTCACTCTCACCATCAGCAGTCTGCAGCCTGAAGACTTTGCAACTTACTACTGTCAACAGAGTTACACTACCCCCCGTACTTTTGACC	CCCTAAGCTCCTGATCTATGCTGCATCCAGTTTGCAAAGTGGGGTCCCATCAAGGTTCAGTGGCAGTGGATCTGGGACAGATTTCACTCTCACCATCAGCAGTCTGCAACCTGAAGATTTTGCAACTTACTACTGTCAACAGAGTTACAGTACCCCCCGTACTTTTGGCC	133	165
assemble416	2S128N168M34S			GGGGCTGGAGTGGGTCTCTAGTATTATTTGGGATGGTGGTAGCACAGGTTATGCAGACTCTGTGAAGGGCCGATTCACCATCTCCAGAGACAACGCCAAGAACACCCTGTATCTGCAAATGAACAGTCTGAGAGCCGAGGACACGGCTGTGTATTACTGTGCAAGAGA	GGGGCTGGAGTGGGTCTCTGGTATTAATTGGAATGGTGGTAGCACAGGTTATGCAGACTCTGTGAAGGGCCGATTCACCATCTCCAGAGACAACGCCAAGAACTCCCTGTATCTGCAAATGAACAGTCTGAGAGCCGAGGACACGGCCTTGTATTACTGTGCGAGAGA	157	-1
assemble419	2S200N78M92S9N		86S1N38M48S	TGGGACAGATTTCACTCTCACCATCAGCAGTCTGCAACCTGAAGATTTTGCAACTTACTATTGTCAACATAGTTACAGAGCCCCGTACGCTTTTGGCCAGGGGACCAAGTTGGAGATCAAAC	TGGGACAGATTTCACTCTCACCATCAGCAGTCTGCAACCTGAAGATTTTGCAACTTACTACTGTCAACAGAGTTACAGAGCCCCGTACACTTTTGGCCAGGGGACCAAGCTGGAGATCAAAC	61	93
assemble447	9S135N149M10S3N			CTCCTGATCTATGCTGCAACCACTTTGCAGAGTGGGGTCCCATCAAGGTTCAGCGGCAGTGGATCTGGGACAGAATTCACTCTCACAATTAGTAGCCTGCAGCCTGAAGATTTTGCAACTTATCACTGTCAACAGCTTAACAGTTTCCC	CTCCTGATCTATGCTGCATCCACTTTGCAAAGTGGGGTCCCATCAAGGTTCAGCGGCAGTGGATCTGGGACAGAATTCACTCTCACAATCAGCAGCCTGCAGCCTGAAGATTTTGCAACTTATTACTGTCAACAGCTTAATAGTTACCC	126	-1
assemble456	5S152N135M26S		143S23M15N	ATCCAACAGGGCCACTGGCATCCCAGCCAGGTTCAGTGGCAGTGGGTCTGGGACAGACTTCACTCTTACCATCAGCAGCCTAGAGCCAGAAGATTTTGCAGTTTATTACTGTCAGCAGCGTAGCAACTGGCCTCCTGCGCTCACTTTCGGCGGAGGAACCA	ATCCAACAGGGCCACTGGCATCCCAGCCAGGTTCAGTGGCAGTGGGTCTGGGACAGACTTCACTCTCACCATCAGCAGCCTAGAGCCTGAAGATTTTGCAGTTTATTACTGTCAGCAGCGTAGCAACTGGCCTCCTGCGCTCACTTTCGGCGGAGGGACCA	109	147
assemble460	3S223N75M86S3N	94S10N17M53S4N	113S5N46M5S	CCTCCGAAAACCAGGTGGTCCTTACCATGATGAACATGGGCCCTGTGGACACAGCCACATACTATTGTGCTCACATGGGGGACATTACCGATTTTGGAGTGCTTATTACTTGGTTCGACCCCTGAGGCCCGGGAACCCTGGTCGCCGTCTCCTCAG	CCTCCAAAAACCAGGTGGTCCTTACAATGACCAACATGGACCCTGTGGACACAGCCACATATTACTGTGCACACATGGGGGACATTACCGATTTTGGAGTGGTTATTACTTGGTTCGACCCCTGGGGCCAGGGAACCCTGGTCACCGTCTCCTCAG	65	124
assemble461	2S145N16M1I133M13S1N			TCATTTACAACACAAA-TTTCGCTCTTCCGGGGTCCCTGATCGCTTCTCTGGCTCCATCCTTGGGAACAAAGCTGCCCTCGCCATCACGGGGGCCCAGGCAGATGATGAATCTGATTATTACTGTGTCCTCTACATGGGTAGTGGCGTTT	TCATCTACAGCACAAACACTCGCTCTTCTGGGGTCCCTGATCGCTTCTCTGGCTCCATCCTTGGGAACAAAGCTGCCCTCACCATCACGGGGGCCCAGGCAGATGATGAATCTGATTATTACTGTGTGCTGTATATGGGTAGTGGCATTT	122	-1
assemble462	3S269N24M136S3N	53S23N8M102S	53S62M48S	CACGGCTGAGTATTACTGTGCGAGTCTCACAGCCCTAGGAAGTAGGGAAAATTACTACTACTACAACGGTATGGACGTCTGGGGCCAAGGGACCACGGTCACCGTCTCCTCA	CACGGCTGTGTATTACTGTGCGAGTCTCACAGCCCTAGGAAGTAGGGAAAATTACTACTACTACTACGGTATGGACGTCTGGGGCCAAGGGACCACGGTCACCGTCTCCTCA	16	81
assemble465	3S226N70M90S	75S13N14M74S4N	98S14N34M31S	AGAACTCACTGTATCTGCAAATGAACAGCCTGAGAGCCGAGGACACGGCTGTGTATTATTGTGCGAGAGAAAAGTACCAGCTGCTACCTGAATATTGGGGCCAGGGAACCCTGGTCACCGTCTCCTCAG	AGAACTCACTGTATCTGCAAATGAACAGCCTGAGAGCCGAGGACACGGCTGTGTATTACTGTGCGAGAGAAAAGTACCAGCTGCTACCTGAATATTGGGGCCAAGGAACCCTGGTCACCGTCTCCTCAG	59	97
assemble467	2S200N83M78S4N		87S1N37M39S	TGGGACAGATTTTACCTTCACCATCAGCAGCCTGCAGCCTGAAGATATTGCAACATATTTCTGTCAACACTATGATAATCTCCTTTTCACTTTCGGCCCTGGGACCAAAGTGGATCTCAAAC	TGGGACAGATTTTACTTTCACCATCAGCAGCCTGCAGCCTGAAGATATTGCAACATATTACTGTCAACAGTATGATAATCTCCTTTTCACTTTCGGCCCTGGGACCAAAGTGGATATCAAAC	61	93
assemble469		30S11N8M124S18N	24S18N44M94S	ACATGGACGTCTGGGGCAGAGGGACCACGGTCACCGTCTCCTCC	ACATGGACGTCTGGGGCAAAGGGACCACGGTCACCGTCTCCTCA	-1	13
assemble470			25S2N36M101S	GCACTTTTGGCCAGGGGACCAAGCTGGATCTCAAAC	GCACTTTTGGCCAGGGGACCAAGCTGGAGATCAAAC	-1	7
assemble490	2S260N30M126S	28S5N8M122S3N	38S4N47M73S	GGCCATGTATCTCTGTGCCAGCAGCTTAGCCGGGACTCACCGGGGAGCTGTTTTTTGGAGAAGGCTCTAGGCTGACCGTACTGG	GGCCATGTATCTCTGTGCCAGCAGCTTAGCTAGCGCTCACCGGGGAGCTGTTTTTTGGAGAAGGCTCTAGGCTGACCGTACTGG	13	55
assemble510	3S248N47M104S1N	82S1N13M59S23N	82S5N57M15S	GAAGAGTCTGAAGTCTGACGACACGGCCGTCTATTACTGTGCGAGAGCCTCGCCCCCGGGTCTCGGGGAGATAGGACATTATTACGACTACGCTATGGACGTCTGGGGCCAAGGGACCACGGTCATTGTCTCCTCA	GAGGAGCCTGAGATCTGACGACACGGCCGTGTATTACTGTGCGAGAGCCTCGCCCCCGGGTCTCGGGGAGATAGGACATTACTACTACTACGGTATGGACGTCTGGGGCCAAGGGACCACGGTCACCGTCTCCTCA	37	105
assemble513	2S257N37M114S2N	56S9N12M85S7N	72S16N34M47S	GAGAGTCGAGGACACGGCCCTATATTACTGTGCGAAATCGTTGGCGGGGGGTGTTGGTAGTGACTGTTTTTGGGGCCTAGGGACAATGGTCACCGTCTCTTCAG	GAGAGCCGAGGACACGGCCGTATATTACTGTGCGAAATCGTTGGCGGGGGGTGTTGGTGGTGACTGTTTTTGGGGCCAAGGGACAATGGTCACCGTCTCTTCAG	28	72
assemble516	3S180N110M12S		114S4N11M23N	GACAGGTTCAGTGGCAGTGGGTCTGGGACAGACTTCACTCTCACCATCAGCAGACTGGAGCCTGAAGATTTTGCAGTGTATTCCTGTCAGCAGTATGGTAGCTCACCTCCAACGTTCGGCCA	GACAGGTTCAGTGGCAGTGGGTCTGGGACAGACTTCACTCTCACCATCAGCAGACTGGAGCCTGAAGATTTTGCAGTGTATTACTGTCAGCAGTATGGTAGCTCACCTCCAACGTTCGGCCA	84	116
assemble539	33N250M38S4N		257S1N31M16N	GTAATGGGAATGACAAATAAGAAGTCTTTGAAATGTGAACAACATCTGGGTCATAACGCTATGTATTGGTACAAGCAAAGTGCTAAGAAGCCACTGGAGCTCATGTTTGTCTACAGTCTTGAAGAACGGGTTGAAAACAACAGTGTGCCAAGTCGCTTCTCACCTGAATGCCCCAACAGCTCTCACTTATTCCTTCACCTACACACCCTGCAGCCAGAAGACTCGGCCCTGTATCTCTGCGCCAGCAGCCCTCAGAGGAACACTGAAGCTTTCTTTGGACAAGGCACC	GTCATGGGAATGACAAATAAGAAGTCTTTGAAATGTGAACAACATCTGGGTCATAACGCTATGTATTGGTACAAGCAAAGTGCTAAGAAGCCACTGGAGCTCATGTTTGTCTACAGTCTTGAAGAACGGGTTGAAAACAACAGTGTGCCAAGTCGCTTCTCACCTGAATGCCCCAACAGCTCTCACTTATTCCTTCACCTACACACCCTGCAGCCAGAAGACTCGGCCCTGTATCTCTGCGCCAGCAGCCCTCAGAGGAACACTGAAGCTTTCTTTGGACAAGGCACC	237	275
assemble543	3S159N114M41S14N		128S29M1S9N	AGGGCCACTGGTATCCCAGCCAGGTTCAGTGGTAGTGGGTCTGGGACAGAGTTCACTCTCACCATCAGCAGTCTGCAGTCTGAAGATTTTGCAGTTTATCACTGTCAGCAGTATCATGAGTGGCCGCTCACTTTCAGCGGGGGGACCAAGGTGG	AGGGCCACTGGTATCCCAGCCAGGTTCAGTGGCAGTGGGTCTGGGACAGAGTTCACTCTCACCATCAGCAGCCTGCAGTCTGAAGATTTTGCAGTTTATTACTGTCAGCAGTATCATGAGTGGCCGCTCACTTTCGGCGGAGGGACCAAGGTGG	102	134
assemble547	60S85M115I84M75S3N		231S2N36M37S	CAAGTAGTGATGACGCAGTCTCCAGCCACCCTGTCTGTGTCTCCAGGGGAGAGAGCCACCCTCTCCTGCAGGGCCAGTGAGAGTG-------------------------------------------------------------------------------------------------------------------TNNNNNNNAGTTCACTCTCACCATCAGCAGCCTGCAGTCTGAAGATTTTGCACTTTATTACTGTCAGCAGTATAATAACTGGCCGCTCACCTTCGGCCAGGGGACGCGACTGGAGATTAAAC	GAAATAGTGATGACGCAGTCTCCAGCCACCCTGTCTGTGTCTCCAGGGGAAAGAGCCACCCTCTCCTGCAGGGCCAGTCAGAGTGTTAGCAGCAACTTAGCCTGGTACCAGCAGAAACCTGGCCAGGCTCCCAGGCTCCTCATCTATGGTGCATCCACCAGGGCCACTGGTATCCCAGCCAGGTTCAGTGGCAGTGGGTCTGGGACAGAGTTCACTCTCACCATCAGCAGCCTGCAGTCTGAAGATTTTGCAGTTTATTACTGTCAGCAGTATAATAACTGGCCGCTCACCTTCGGCCAAGGGACACGACTGGAGATTAAAC	261	293
assemble552	2S105N142M9I20M135S20N	199S9N12M88S7N	215S16N34M50S	TGGGTCCGCCAGACTTCAGGGAAGGGGCTGGAATGGGTCTCAAGTATTAGTGGTCTTGATGGTGCCACACTCTACGCGGACTCCGTGAAGGGCCGGTTCACCGTCTCCAGAGACGATTCTCAGAACACTCTGTATCTTCAAA---------TGANNNNNNNGGACACGGCCCTATATTACTGTGCGAAATCGATGGCGGGGGGTGTTGGTAGTGACTGTTTTTGGGGCCTAGGGACAATGGTCACCGTCTCTTCAG	TGGGTCCGCCAGGCTCCAGGGAAGGGGCTGGAGTGGGTCTCAGCTATTAGTGGTAGTGGTGGTAGCACATACTACGCAGACTCCGTGAAGGGCCGGTTCACCATCTCCAGAGACAATTCCAAGAACACGCTGTATCTGCAAATGAACAGCCTGAGAGCCGAGGACACGGCCCTATATTACTGTGCGAAATCGATGGCGGGGGGTGTTGGTGGTGACTGTTTTTGGGGCCAAGGGACAATGGTCACCGTCTCTTCAG	180	224
assemble570	2S112N163M56S21N	194S5N8M19S6N	198S3N23M24N	GCCAGGCCCCAGGGAAGGGGCCGGAGTGGGTGGCCAATATCAAGCAAGATGGAAGTGAGAAATATTATGTGGACTCTGTGAAGGGCCGATTCATCATCTCCAGAGACAACGCCAAGAACTCACTGTATCTACAAATGAACAGCCTGAGAGCCGAGGACGCGGCAACATACTACTGTGCGCGAAGGGATAAGAATGGTGCTTTTGATATCTGGGGCCAAG	GCCAGGCTCCAGGGAAGGGGCTGGAGTGGGTGGCCAACATAAAGCAAGATGGAAGTGAGAAATACTATGTGGACTCTGTGAAGGGCCGATTCACCATCTCCAGAGACAACGCCAAGAACTCACTGTATCTGCAAATGAACAGCCTGAGAGCCGAGGACACGGCAACATACTACTGTGCGCGAAGGGATAAGAATGGTGCTTTTGATATCTGGGGCCAAG	173	211
assemble578			33S2N48M37S	ATGCTTTTGATATCTGGGGCCAAGGGACAATGGTCACCGTCTCTTCAG	ATGCTTTTGATATCTGGGGCCAAGGGACAATGGTCACCGTCTCTTCAG	-1	16
assemble600	3S180N106M49S4N		111S4N34M13S	GACAGGTTCAGTGGCAGTGGGTCTGGGACAGACTTCGCTCTCACCATCAGCAGACTGGAGCCTGAAGATTTTGCAGTGTATTACTGTCAGCAGTATGGTAGGTCACGCACGTTCGGCCAAGGGACCAAGGTGGAAATCAAAC	GACAGGTTCAGTGGCAGTGGGTCTGGGACAGACTTCACTCTCACCATCAGCAGACTGGAGCCTGAAGATTTTGCAGTGTATTACTGTCAGCAGTATGGTAGCTCACGCACGTTCGGCCAAGGGACCAAGGTGGAAATCAAAC	84	113
assemble616	3S125N161M28S1N			AGCCCCTAAACTCCTGATCTTTGAAGCATCCACTTTACAGACTGGGGTCCCATCAAGATTCAGCGGCAGTGGATCTGGCACAGATTTCACTCTCACCATCAGCAGCCTGCAACCTGAAGATGTTGGAGTTTACTTCTGTCAACAGAGTTACAGTACCCCTC	AGCCCCTAAGCTCCTGATCTATGCTGCATCCAGTTTGCAAAGTGGGGTCCCATCAAGGTTCAGTGGCAGTGGATCTGGGACAGATTTCACTCTCACCATCAGCAGTCTGCAACCTGAAGATTTTGCAACTTACTACTGTCAACAGAGTTACAGTACCCCTC	136	-1
assemble617	5S133N155M7S2N			TGATAATCTATAAAGACAGTGAGAGGCCCTCAGGGATCCCTGAGCGATTCTCTGGCTCCAGCTCAGGGACAACAGTCACATTGATCATCAGTGGAGTCCAGGCAGAGGACGAGGCTGACTATTTCTGTCAGTCAGCAGACATCTCTGGTACTTAT	TGGTGATATATAAAGACAGTGAGAGGCCCTCAGGGATCCCTGAGCGATTCTCTGGCTCCAGCTCAGGGACAACAGTCACGTTGACCATCAGTGGAGTCCAGGCAGAAGATGAGGCTGACTATTACTGTCAATCAGCAGACAGCAGTGGTACTTAT	125	-1
assemble618	2S128N146M115S22N		162S14N48M53S	GGGGCTGGAGTTGGTGTCTAATATTTTTTGGGACGGCGCCGGCGCAGCTTATGCAGACTCTGTGAGGGGCCGATTCACCATCTCTAGAGACAACGCCAAGAACTCCCTGTATCTCCAAATGACCAGTCTGAGAGCCGAGGACACGGGCTNNNNNNNGACATACTACATGGACGTCTGGGGCAAAGGGACTACGGTCACCGTCTCCTTA	GGGGCTGGAGTGGGTCTCTGGTATTAATTGGAATGGTGGTAGCACAGGTTATGCAGACTCTGTGAAGGGCCGATTCACCATCTCCAGAGACAACGCCAAGAACTCCCTGTATCTGCAAATGAACAGTCTGAGAGCCGAGGACACGGGCTNNNNNNNGACATACTACATGGACGTCTGGGGCAAAGGGACCACGGTCACCGTCTCCTCA	157	177
assemble633	91S53M154I95M15S3N		239S15M23N	GATATTGTGATGACTCAGTCTCCACTCTCCCTGCCCGTCACCCCTGGAGAGCC----------------------------------------------------------------------------------------------------------------------------------------------------------GGCNNNNNNNCAGACACTGATTTCACACTGAAAATCAGCAGGGTGGAGGCTGAGGATGTTGGAGTTTATTACTGCATGCAACGTATAGAGTTTCCGATCACCTTCGGCCA	GATATTGTGATGACCCAGACTCCACTCTCCCTGCCCGTCACCCCTGGAGAGCCGGCCTCCATCTCCTGCAGGTCTAGTCAGAGCCTCTTGGATAGTGATGATGGAAACACCTATTTGGACTGGTACCTGCAGAAGCCAGGGCAGTCTCCACAGCTCCTGATCTATACGCTTTCCTATCGGGCCTCTGGAGTCCCAGACAGGTTCAGTGGCAGTGGGTCAGGCACTGATTTCACACTGAAAATCAGCAGGGTGGAGGCTGAGGATGTTGGAGTTTATTACTGCATGCAACGTATAGAGTTTCCGATCACCTTCGGCCA	279	311
assemble634	3S176N98M52S13N		111S38M4S	AGCCAGGTTCAGTGGCAGTGCGTCTGGGACAGAGTACACTCTCACCATCAGCAGCCTGCAGTCTGAAGATTTCGCAACTTACTACTGTCAACAGTATATGCAGTGGCCGCTCACTTTCGGCGGAGGGACCAAGGTGGAGATCAAGC	AGCCAGGTTCAGTGGCAGTGGGTCTGGGACAGAGTTCACTCTCACCATCAGCAGCCTGCAGTCTGAAGATTTTGCAGTTTATTACTGTCAGCAGTATATGCAGTGGCCGCTCACTTTCGGCGGAGGGACCAAGGTGGAGATCAAAC	85	117
assemble647	3S59N38M12I2M25I4M2I2M11I10M20I2M7I11M13I4M5I4M7I5M2I48M118S	132S16M103S1N	176S5N43M32S	CACCTGCGCTGTCTATGGTGGGTCCTTCAGTGGGTCCT------------TC-------------------------AGTG--TT-----------TACTACTGGA--------------------CC-------TGGATCCGCCA-------------GTCC-----CCAG-------GGAAG--GGGCTGGANNNNNNNCGCGGACACGGCTGTGTATTACTGGGCGAGAGGGGTATACGTGGAACTATGTGTCGGCTCGCCCATCTCGAATCTTTTTTGACTACTGGGGTCAGGGAACCCCGGTCACCGTCTCCTCAG	CACCTGCGCTGTCTATGGTGGGTCCTTCAGTGGTTACTACTGGAGCTGGATCCGCCAGCCCCCAGGGAAGGGGCTGGAGTGGATTGGGGAAATCAATCATAGTGGAAGCACCAACTACAACCCGTCCCTCAAGAGTCGAGTCACCATATCAGTAGACACGTCCAAGAACCAGTTCTCCCTGAAGCTGAGCTCTGTGACCGCCGCGGACACGGCTGTGTATTACTGTGCGAGAGGGGTATAACTGGAACTATGTGTCGGCTCGCCCATCTCGAATCTTTTTTGACTACTGGGGCCAGGGAACCCTGGTCACCGTCTCCTCAG	223	289
assemble667	1S117N163M17S4N		167S2N14M22N	GGCCAGGCCCCTGTGTTGGTGATTAATAAGGACACTGAGCGGCCCTCAGGGATCCCTGAGCGATGCTCCGGCTCCAGCTCAGGGACCACAGTCACCTTGAGCATCAGCGGGGCCCAGGTTGAGGATGAGGCTGACTATTACTGTTACTCTGCGGCTGACAACATGGGGGTGTTCGGCGGA	GGCCAGGCCCCTGTGCTGGTGATTTATAAAGACAGTGAGCGGCCCTCAGGGATCCCTGAGCGATTCTCCGGCTCCAGCTCAGGGACCACAGTCACCTTGACCATCAGCGGGGCCCAGGTTGAGGATGAGGCTGACTATTACTGTTACTCTGCGGCTGACAACATGGGGGTGTTCGGCGGA	141	173
assemble681	3S176N100M73S20N	136S6N11M29S3N	156S3N20M27N	CTACGGAGACTCCGTGATGGGCCGGTCCGCCATCTCCAGAGACAATTCCAAGAACACGGTGTATCTGCAGATGCACAGCCTGAGAGTCGAAGACACGGCCATGTACTTCTGTGCCAAAACCAACCCCTTGTGGGTGGGAGCGACCATCCTGGGTGCTTTTGATTTATGGGGCC	CTACGGAGACTCCGTGAAGGGCCGGTTCACCATCTCAAGAGACAATTCCAAGAACACGCTGTATCTGCAAATGAACAGCCTGAGAGCCGAGGACACGGCCATGTACTTCTGTGCCAAAACCAACCCCTTGTGGGTGGGAGCTACCATCCTGGGTGCTTTTGATGTCTGGGGCC	109	168
assemble696	3S179N107M27S1N		112S4N23M2S11N	AAGATTCAGTGGCAGTGGATCTGGGACAGATTTCACTCTCACCATCAACAGTCTGCAACCTGAGGATTTTGCAACTTACTACTGTCAACAGGGTTCCAGTACCCCTCAAACGTTCGGCCAAGGGACCAGGGT	AAGGTTCAGTGGCAGTGGATCTGGGACAGATTTCACTCTCACCATCAGCAGTCTGCAACCTGAAGATTTTGCAACTTACTACTGTCAACAGAGTTACAGTACCCCTCAAACGTTCGGCCAAGGGACCAAGGT	82	114
assemble700	3S200N99M29S3N		102S1N25M4S13N	CAGCGGCAGTGGGTCAGGCACTGATTTCACACTGAAAATCAGCAGGGTGGAGGCTGAGGATGTTGGTGTTTATTTCTGCTTCCAAGCTACACACTGGCCGTACACTTTTGGCCAGGGGACCAAG	CAGCGGCAGTGGGTCAGGCACTGATTTCACACTGAAAATCAGCAGGGTGGAGGCTGAGGATGTTGGGGTTTATTACTGCATGCAAGGTACACACTGGCCGTACACTTTTGGCCAGGGGACCAAG	76	108
assemble701	201N101M14S			GGGAGGTTCACCATCTCCAGAGATGATTCAAAGAACACGGCGTATCTGCAAATGAACAGCCTGGAAACCGAGGACACGGCCGTGTATTACTGTGCTAGACA	GGCAGGTTCACCATCTCCAGAGATGATTCAAAGAACACGGCGTATCTGCAAATGAACAGCCTGAAAACCGAGGACACGGCCGTGTATTACTGTACTAGACA	90	-1
assemble757	207N96M41S2N		97S2N36M4S	GGCAGCGGGTCTGAGACAGATTTCACTCTCACCATCAGCAGCCTGCAGGCTGAAGATGTGGCAGTTTATTACTGTCAGCAATATTATAATACTCCTATCACTTTCGGCGGAGGGACCAAGGTGGAGATCAAAC	GGCAGCGGGTCTGGGACAGATTTCACTCTCACCATCAGCAGCCTGCAGGCTGAAGATGTGGCAGTTTATTACTGTCAGCAATATTATAGTACTCCTATCACTTTCGGCGGAGGGACCAAGGTGGAGATCAAAC	72	104
assemble800	2S211N71M142S17N	105S21N7M103S3N	133S8N40M42S	TATCAGTAGAACCGTCTAACAATCAGTTCTTCCTGGGGTTGAGGTCTGTGACTGCCACCGACACGGCCGTGNNNNNNNCGGCCGTGTTTTATTGTGCGAGATTCTGCTATCACAACAGTTATTTCGCCCTGGACTCCTGGGGCCAGGGAACCCAGGTCGCCGTCTCCTCGA	TATCAGTAGACACGTCTAAGAACCAGTTCTCCCTGAAGCTGAGCTCTGTGACTGCCGCGGACACGGCCGTGNNNNNNNCGGCCGTGTTTTATTGTGCGAGATTCTGCTATCACAACAGTTATTTCGCCCTGGACTACTGGGGCCAGGGAACCCTGGTCACCGTCTCCTCAG	92	139
assemble806	3S227N72M29S3N		76S2N23M5S14N	CACACTGAAAATCAGCAGGGTGGAAGCTGAGGATGTCGGGATTTATTACTGCATGCAATCTACACGATTCCCCTACACTTTTGGCCAGGGGACCAA	CACACTGAAAATCAGCAGGGTGGAAGCTGAGGATGTCGGGGTTTATTACTGCATGCAAGCTACACAATTTCCCTACACTTTTGGCCAGGGGACCAA	49	81
assemble849	3S207N86M64S5N		92S38M23S	GGCAACACGGCCTCCCTGACCATCTCTGGGCTCCAGGCTGAGGACGAGGCTGATTATTACTGCAGCTCATATGCAGGTAGTAGCACCTTTTATGTCTTCGCAACTGGGACCAAGGTCACCGTCCTAG	GGCAACACGGCCTCCCTGACAATCTCTGGGCTCCAGGCTGAGGACGAGGCTGATTATTACTGCTGCTCATATGCAGGTAGTAGCACCTTTTATGTCTTCGGAACTGGGACCAAGGTCACCGTCCTAG	60	98
assemble909	1S251N51M37S		55S34M4N	GGCTGAGGATGTTGGAACTTATTACTGCATGTACGGTACACAGTGGCCTCCGTCGTGGACGTTCGGCCAAGGGACCAACGTGGAAATC	GGCTGAGGATGTTGGGGTTTATTACTGCATGCAAGGTACACACTGGCCTCCGTCGTGGACGTTCGGCCAAGGGACCAAGGTGGAAATC	25	63
assemble931	3S218N68M27S1N		70S1N27M1S10N	CACCATCAGCAGCCTGCAGCCTGAAGATTTTGCAACTTATTACTGCCAACAGTATAATAGTTACCCTCCTCACTTTCGGCGGAGGGACCAAGGTG	CACCATCAGCAGCCTGCAGCCTGAAGATTTTGCAACTTATTACTGCCAACAGTATAATAGTTACCCTCCTCACTTTCGGCGGAGGGACCAAGGTG	43	76
assemble963	3S228N67M29S1N			AGCACAGCCTACATGGAGCTGAGGAGCCTGAGATCTGACGACACGGCCGTGTATTACTGTGCGAGAG	AGCACAGCCTACATGGAGCTGAGGAGCCTGAGATCTGACGACACGGCCGTGTATTACTGTGCGAGAG	57	-1
assemble1007	1S259N37M113S	42S1N24M85S3N	69S2N60M22S	GAGCCGAGGACACGGCTGTATATTACTGTGCGAGAGATCGGGCATTTTGTGTTGGTGAATGTTATGGGTACTACTACTACTACGGTATGGACGTCTGGGGCCAAGGGACCACGGTCACCGTCTCCTCA	GAGCCGAGGACACGGCTGTGTATTACTGTGCGAGAGATCGGGCATATTGTGGTGGTGATTGCTATGGGTACTACTACTACTACGGTATGGACGTCTGGGGCCAAGGGACCACGGTCACCGTCTCCTCA	26	97
assemble1012	4S191N95M52S1N		98S1N37M16S	CAGTGGATCTGGGACAGATTTCACTCTCACCATTTCCAGCCTGCAGCCTGCAGATTTTGGAATCTACTTCTGTGAACAGGCTGCCAGCTTCCCTCCTCACTTTCAGTGGGGGGACCAAGGTGGAGATCAAAC	CAGTGGATCTGGGACAGATTTCACTCTCACCATCAGCAGCCTGCAGCCTGAAGATTTTGCAACTTACTATTGTCAACAGGCTAACAGTTTCCCTCCTCACTTTCGGCGGAGGGACCAAGGTGGAGATCAAAC	70	103
assemble1018	3S231N56M92S3N		59S38M54S	AGACTGGAGCCTGAAGATTTTGCAGTGTATTACTGTCAGCAGTATGGTAGCTCACCGCTCACTTTCGGCGGAGGGACCAAGCTGGAGATCAAAC	AGACTGGAGCCTGAAGATTTTGCAGTGTATTACTGTCAGCAGTATGGTAGCTCACCGCTCACTTTCGGCGGAGGGACCAAGGTGGAGATCAAAC	33	65
assemble1068			32S11N51M65S	TACTATTACATGGACGTCTGGGGCGAAGGGACCACGGTCACCGTCTCCTCA	TACTACTACATGGACGTCTGGGGCAAAGGGACCACGGTCACCGTCTCCTCA	-1	20
assemble1084	253N37M109S6N	60S10N8M78S13N	60S9N39M47S	GCCTGAGAGACGAGGACACGGCCGTGTATTTCTGTGCCCCCGCTTGGATGCACGTACTCCACTATTGGGGCCAGGGAACCCTGGTCACCGTCTCCTCAA	GCCTGAGAGCCGAGGACACGGCCGTGTATTACTGTGCCCCCGCTTGGATGCACGTACTCCACTACTGGGGCCAGGGAACCCTGGTCACCGTCTCCTCAG	32	67
assemble1109	3S253N45M96S3N	62S7N14M68S	83S5N46M15S	CCACAATGGACCCTCTGGACACAGCCACATATTTCTGTGCACGGACTTATTCCCTCGGCGCAGCGGCTGGTACAGGGGGTTGGTTCGACCCCTGGGGCCAGGGAATCCAGGTCGCCGTCTCCTCAG	CCAACATGGACCCTGTGGACACAGCCACATATTACTGTGCACGGACTTATTCCCTCGGCGCAGCAGCTGGTACAGGGGGTTGGTTCGACCCCTGGGGCCAGGGAACCCTGGTCACCGTCTCCTCAG	35	94
assemble1110	1S162N129M14S2N			GGGATCACCAACTATAATCCCTCCCTCGACAGTCGAATCACCATGTCCATAGACACGTACAAGAATCAGTTCTCACTGAGGCTGAGCTCTGTGACCGCCGCGGACACGGCCGTATATTACTGTGCGAGA	GGGAGCACCAACTACAACCCCTCCCTCAAGAGTCGAGTCACCATGTCAGTAGACACGTCCAAGAACCAGTTCTCCCTGAAGCTGAGCTCTGTGACCGCCGCGGACACGGCCGTGTATTACTGTGCGAGA	120	-1
assemble1118			44S5N42M57S	ACGAGCAGTACTTCGGGCCGGGCACCAGGCTCACGGTCACAG	ACGAGCAGTACTTCGGGCCGGGCACCAGGCTCACGGTCACAG	-1	13
assemble1122			22S2N36M84S	GGACGTTCGGCCGGGGGACCAAGGTGGAAATCAAAC	GGACGTTCGGCCAAGGGACCAAGGTGGAAATCAAAC	-1	7
assemble1123			21S3N1M3I55M65S	A---CTACTACTACGGTCTGGACGCCTGGGGCCAAGGGACCACGGTCACCGTCTCCTCA	ACTACTACTACTACGGTATGGACGTCTGGGGCCAAGGGACCACGGTCACCGTCTCCTCA	-1	28
assemble1127			19S38M85S	GATCACCTTCGGCCAAGGGACACGACTGGACATTAAAC	GATCACCTTCGGCCAAGGGACACGACTGGAGATTAAAC	-1	9
assemble1136	3S229N66M72S4N	74S14N6M61S17N	84S11N42M15S	AGAATCAATTCTCCTTGAGCTTGCCCTCTGTGACCGCCGCAGACTCGGCTGTCTATTACTGTGCGACCCTCTTTGGGTATGTCGATCTCTGGGGCCGTGGCACCCTGGTCACTGTCTCCTCAG	AGAACCAGTTCTCCCTGAAGCTGAGCTCTGTGACCGCCGCAGACACGGCTGTGTATTACTGTGCGACCCTCTTTGGGTATGTCGATCTCTGGGGCCGTGGCACCCTGGTCACTGTCTCCTCAG	59	91
assemble1141	5S178N121M15S			ACTACAGTCCGTCCCTGAAAAGTCGAGTCACCATTTCCGTAGACACGTCCAAGAATCAGTTCTCCCTGAACCTGAAGTCTGTGACCGCCACTGACACGGCTGTGTACTACTGTGCGCGCCA	ACTACAACCCGTCCCTCAAGAGTCGAGTCACCATATCCGTAGACACGTCCAAGAACCAGTTCTCCCTGAAGCTGAGCTCTGTGACCGCCGCAGACACGGCTGTGTATTACTGTGCGAGACA	110	-1
assemble1147	264N34M106S1N	61S17N17M62S3N	89S7N41M10S	GCCGCGGACACGGCCGTGTATTTCTGTGCGAGAGCCGTAGTGCCAGCCGCTGAAGTCATTGGGGGGAATTATCATTATCACATTTACCATGACTTCTGGGGCCAGGGAACCCTGGTCACCGTTTCCTCAG	GCCGCGGACACGGCCGTGTATTACTGTGCGAGAGCCGTAGTGCCAGCCGCTGAAGTCATTGGGGGGAGTTATCGTTATCACATTTACCATGACTACTGGGGCCAGGGAACCCTGGTCACCGTCTCCTCAG	24	98
assemble1150	3S155N114M23S21N			ATCCATCAGGGCCACTGACATCCCAGACAGGTTCAGTGGCAATGGGTCTGGGACAGACTTCACTCTCACCATCAGCGGACTGGAGAATGAAGATTTTGCGACATATTACTGTCA	ATCCAGCAGGGCCACTGGCATCCCAGACAGGTTCAGTGGCAGTGGGTCTGGGACAGACTTCACTCTCACCATCAGCAGACTGGAGCCTGAAGATTTTGCAGTGTATTACTGTCA	109	-1
assemble1152	2S199N97M41S			GGGTCACCATGACCATGGACACGTCCATCAGCACAGCCTACATGGAGCTGAGCAGTCTGACATCTGACGACACGGCCGTCTATTACTGTGCGAGAGA	GGGTCACCATGACCAGGGACACGTCCATCAGCACAGCCTACATGGAGCTGAGCAGGCTGAGATCTGACGACACGGCCGTGTATTACTGTGCGAGAGA	86	-1
assemble1157	3S178N118M19S			ACGGACAGAACTTCCAGGGCAGAGTCACCATGACCGCGGACACGTCCACGAGTACAGTCTACATGGATCTGAGGAGCCTGAGATCTGACGACACGGCCATTTATTACTGTGCGAGAGA	ACGCACAGAAGTTCCAGGGCAGAGTCACCATGACCAGGGACACGTCCACGAGCACAGTCTACATGGAGCTGAGCAGCCTGAGATCTGAGGACACGGCCGTGTATTACTGTGCGAGAGA	107	-1
assemble1159	4S258N30M106S8N	60S14N9M71S8N	64S5N46M30S	AGAGCCGAGGACACGGCCCTATATTATTGTACAAAAAATCCAGTTTACTCCCCCGGGGAGTGGTTCGACTCCTGGGGCCAGGGAACCCTGGTCACCGTCTCCGCAG	AGAGCCGAGGACACGGCCGTATATTACTGTACAAAAAATCCAGTTTACTCCCCCGGGGAGTGGTTCGACTCCTGGGGCCAAGGAACCCTGGTCACCGTCTCCTCAG	27	74
assemble1185	4S181N115M18S			CAGAAAAATTTGAGGGCAGGGTCACCATGACCAGGGACACGTCCACCAGGGCAGCCTACATGGAAGTGAGCAGTCTGAGATCTGACGACACGGCCGTGTATTATTGTGCGAGAGA	CACAGAAGTTTCAGGGCAGGGTCACCATGACCAGGGACACGTCCATCAGCACAGCCTACATGGAGCTGAGCAGGCTGAGATCTGACGACACGGCCGTGTATTACTGTGCGAGAGA	104	-1
assemble1210	3S269N27M106S	44S3N14M78S	46S2N49M41S	CACGGCCGTTTATTACTGTGCGAGAGAATTGCTGGGGGTGAATAACTGGTTCGACTCCTGGGGCCAGGGAACCCTGGTCACCGTCTCCTCAG	CACGGCTGTTTATTACTGTGCGAGAGAATTGCTGGGGGTGAATAACTGGTTCGACTCCTGGGGCCAAGGAACCCTGGTCACCGTCTCCTCAG	16	60
assemble1211	2S177N98M37S5N		109S5N27M1S32N	CAACGAATTGCTGTTACATTGAACAAGACAGCCAAACATTTCTCCCTGCACATCACAGAGACCCAACCTGAAGACTCGGCTGTCTACTTCTGTGCAGCCCGGATAGACACGGGAGGAGGAAACAAACTCACCTT	CAACGAATTGCTGTTACATTGAACAAGACAGCCAAACATTTCTCCCTGCACATCACAGAGACCCAACCTGAAGACTCGGCTGTCTACTTCTGTGCAGCCCGGATAGACACGGGAGGAGGAAACAAACTCACCTT	90	-1
assemble1221	3S186N101M31S			AGTGACAGTGGATCTGGGACAGATTACACTCTCACCATCAGCAGCCTGCAGCCTGAAGATTTTGCAACTTATTACTGTCAACAGAGTGACAGTAACCCTCC	AGCGGCAGTGGATCTGGGACAGATTTCACTCTCACCATCAGCAGCCTGCAGCCTGAAGATTTTGCAACTTATTACTGCCAACAGTATAATAGTTACCCTCC	75	-1
assemble1271	5S202N88M39S3N			CCATATCACTGCAGACGTCCAAGAACCAGTTCTCCCTGACCCTGAACTCTGTGCTTGCTGCGGACACGGCCGTGTATTACTGTACGAG	CCATATCAGTAGACACGTCCAAGAACCAGTTCTCCCTGAAGCTGAGCTCTGTGACCGCTGCGGACACGGCCGTGTATTACTGTGCGAG	80	-1
assemble1272	3S184N97M32S9N		103S1N29M9N	GGTTCAGTGGCAGTGGGTCTGGGACAGACTTCACTCTCACTATCAGCAGACTGGAGCCTGAAGATTTTGCAGTGTATTACTGTCAGCATTATGGCAGATCGTACACTTTTGGCCAGGGGACGAAGCCGG	GGTTCAGTGGCAGTGGGTCTGGGACAGACTTCACTCTCACCATCAGCAGACTGGAGCCTGAAGATTTTGCAGTGTATTACTGTCAGCAGTATGGTAGATCGTACACTTTTGGCCAGGGGACCAAGCTGG	80	109
assemble1280		31S4N24M76S3N	51S50M30S	TACGATTTTTGGAGTGGTTATGATGCTTTTGATATCTGGGGCCAAGGGACAATGGTCACCGTCTCTTCTG	TACGATTTTTGGAGTGGTTATGATGCTTTTGATATCTGGGGCCAAGGGACAATGGTCACCGTCTCTTCAG	-1	38
assemble1293	3S201N83M45S3N		89S38M4S	GGGACAGATTTCACTCTCACCATCAGCAGTCTGCAACCTGAAGATTTTGCAACTTACTACTGTCAACAGAGTTACAGTGCCCCCCTATTCACTTTCGGCCCTGGGACCAAAGTGGATATCAAAC	GGGACAGATTTCACTCTCACCATCAGCAGTCTGCAACCTGAAGATTTTGCAACTTACTACTGTCAACAGAGTTACAGTACCCCCCTATTCACTTTCGGCCCTGGGACCAAAGTGGATATCAAAC	60	95
assemble1297	2S246N52M76S1N		52S38M40S	GAGGATGAGGGTGATTATTATTGCCAGTCCTATGACAGCAGCCTGAGTGGTTTATGTCTTCGGAACTGGGACCATGGTCACCGTCCTAG	GAGGATGAGGCTGATTATTACTGCCAGTCCTATGACAGCAGCCTGAGTGGTTTTATGTCTTCGGAACTGGGACCAAGGTCACCGTCCTA	21	60
assemble1309	3S209N84M42S3N	87S11N8M34S12N	107S15N21M1S26N	ATCAATGGACAAGTCCAAGAACCAGTTCTCCCTGAAGCTGAGTTTTGTGACCGCCGCGGACACGGCCGTGTATTACTGTGCGAGGTGGGGGTCTTTTATAGGTGACGGTATGGACGTCTGGCGCC	ATCAGTAGACAAGTCCAAGAACCAGTTCTCCCTGAAGCTGAGCTCTGTGACCGCCGCGGACACGGCCGTGTATTACTGTGCGAGGTGGTGGTCTTTTATAGGTGACGGTATGGACGTCTGGGGCC	76	120
assemble1316			40S5N45M44S	CTTCTGATATTTGGGGCCAAGGGACAATGGTCACCGTCACCTCAG	CTTTTGATATCTGGGGCCAAGGGACAATGGTCACCGTCTCTTCAG	-1	13
assemble1347	3S215N65M59S10N		72S38M17S	CACTCTCACCATCAGCAGACTGGAGCCTGAAGATTTTGCAGTGTATTACTGTCAGCAGTATGGTAAGCTGTGCACTTTTGGTCAGGGGACCAAGCTGGAGATCAAAC	CACTCTCACCATCAGCAGACTGGAGCCTGAAGATTTTGCAGTGTATTACTGTCAGCAGTATGGTAAGCTGTGCACTTTTGGCCAGGGGACCAAGCTGGAGATCAAAC	49	78
assemble1351	196N97M30S9N			GGCTCAGTGGCAGTGGATCAGGCACAGATTTTACACTGAAGATCAGCAGAGTCGAGGCTGAGGATGTTGGGGTTTATTACTGCATGCAGCCTCTACA	GGTTCAGTGGCAGTGGATCAGGCACAGATTTTACACTGAAAATCAGCAGAGTGGAGGCTGAGGATGTTGGGGTTTATTACTGCATGCAAGCTCTACA	80	-1
assemble1411			42S1N49M34S	GATGCTTTTGGTGTCTGGGGCCAAGGGACGATGGTCACCGTCTCTTCAG	GATGCTTTTGATGTCTGGGGCCAAGGGACAATGGTCACCGTCTCTTCAG	-1	17
assemble1450	3S203N93M27S			CACCATCTCCAGAGACAATTCCAAGAACACACTCTATCTGCAAATGAACACCCTGGGAGCCGAGGACACGGCCATATATTACTGTGCGAAAGA	CACCATCTCCAGAGACAATTCCAAGAACACGCTGTATCTGCAAATGAACAGCCTGAGAGCCGAGGACACGGCCGTATATTACTGTGCGAAAGA	82	-1
assemble1459	22S244N9M2D10M80S12N			ACTCTGCCTCCCAAACTTCTG	ACTCTGCCT--CTTACTTCTG	19	-1
assemble1465	168N116M7S3N			GGGGTCCCATCAAGGTTCAGCGGCAGTGGATCTGGGACAGATTTCACTCTCACCATCAGCAGCCTGCAGCCTGAAGATTTTGCAACTTACTATTGTCAACAGGCTAACAGTTTCCC	GGGGTCCCATCAAGGTTCAGCGGCAGTGGATCTGGGACAGATTTCACTCTCACCATCAGCAGCCTGCAGCCTGAAGATTTTGCAACTTACTATTGTCAACAGGCTAACAGTTTCCC	93	113
assemble1497	3S194N107M12S1N		109S1N13M24N	CAGATTCAGTGGCAGTGGGACAGGGACAGAGTTCACACTGAAAATCAGCAGGGTGGAAGCTGAGGATGTCGGGGTTTATTACTGCATGCAAGCTACACAATTTCCTCCTCACTTTCGGCT	CAGATTCAGTGGCAGTGGGGCAGGGACAGATTTCACACTGAAAATCAGCAGGGTGGAAGCTGAGGATGTCGGGGTTTATTACTGCATGCAAGCTACACAATTTCCTCCTCACTTTCGGCG	82	115
assemble1507			3S2N46M73S	CAAGAGACCCAGTACTTCGGGCCAGGCACGCGGCTCCTGGTGCTCG	CAAGAGACCCAGTACTTCGGGCCAGGCACGCGGCTCCTGGTGCTCG	-1	17
assemble1520	223N65M56S			CCCTGTCCCTAGAGTCTGCCATCCCCAACCAGACAGCTCTTTACTTCTGTGCCACCAGTGATTTG	CCCTGTCCCTAGAGTCTGCCATCCCCAACCAGACAGCTCTTTACTTCTGTGCCACCAGTGATTTG	47	-1
assemble1633	235N61M58S	74S9N16M29S6N	95S14N24M10N	TGTATCTTCAAATGAACAGCCTGAGAGGCGAGTACTCGGCTATTTATTACTGTGCGAGTGAGTTGGGGCCCGTCTGGTTCGGGGAGCTATACTCATGGGGCCAGGGAACCGTGGTCACC	TGTATCTGCAAATGAACAGCCTGAGAGCCGAGGACACGGCTGTTTATTACTGTGCGAGAGAGTTGGGGCCCGTCTGGTTCGGGGAGTTATACTCATGGGGCCAGGGAACCCTGGTCACC	50	97
assemble1638	3S194N40M1D64M11S4N		108S2N11M25N	CAGATTCAGTGGCAGTGGGGCAGGGACAGATTTCACACTGAAAAATCAGCAGGGTGGAAGCTGAGGATGTCGGGGTTTATTACTGCATGCAAGCTACACAATTTCTCACCTTCGGT	CAGATTCAGTGGCAGTGGGGCAGGGACAGATTTCACACTG-AAAATCAGCAGGGTGGAAGCTGAGGATGTCGGGGTTTATTACTGCATGCAAGCTACACAATTTCTCACCTTCGGC	83	112
assemble1654	2S192N103M13S1N			CAGGGCAGAGTCACGTTCACCGCGGACAAATTCACGAATTTGGCCTACATGGAGCTGAGCAGTCTGAAACTTGAGGACACGGCCGTGTATTTTTGTGCGGGAG	CAGGGCAGAGTCACGATTACCGCGGACAAATCCACGAGCACAGCCTACATGGAGCTGAGCAGCCTGAGATCTGAGGACACGGCCGTGTATTACTGTGCGAGAG	93	-1
assemble1660	201N78M40S8N		88S30M9N	GGGACAGAGTTCACTCTCACCATCAGCAGCCTGCAGCCTGATGATTCTGCAACTTATTACTGCCAACAGTATAATAGTAATGCAAGGGTGTACACTTTTGGCCAGGGGACCAAGCTGG	GGGACAGAATTCACTCTCACCATCAGCAGCCTGCAGCCTGATGATTTTGCAACTTATTACTGCCAACAGTATAATAGTAATGCAAGGGTGTACACTTTTGGCCAGGGGACCAAGCTGG	60	98
assemble1692			22S5N43M52S	TTTGACAACTGGGGCCAGGGAACCCGGGTCACCGTCTCCTCAG	TTTGACTACTGGGGCCAGGGAACCCTGGTCACCGTCTCCTCAG	-1	11
assemble1701	3S187N105M9S1N			TCAAGAGTCGAGTCATCATATCAATAGACACGTCCAAGAATCAGTTTTCCCTGAAGGTGCGGTCTGTGACCGTCGCGGACACGGCTGTGTATTACTGTGCGAGAG	TCAAGAGTCGAGTCACCATATCAGTAGACACGTCCAAGAACCAGTTCTCCCTGAAGCTGAGCTCTGTGACCGCCGCGGACACGGCTGTGTATTACTGTGCGAGAG	95	-1
assemble1713	3S193N87M27S5N		94S23M15N	ACTCTGGGAACACAGCCACTCTGACCATCAGCGGGACCCAGGCTATGGATGAGGCTGACTATTACTGTCAGGCGTGGGACAACAGCAATCTTGTGGTATTCGGCGGAGGGACCA	ACTCTGGGAACACAGCCACTCTGACCATCAGCGGGACCCAGGCTATGGATGAGGCTGACTATTACTGTCAGGCGTGGGACAGCAGCAATCTTGTGGTATTCGGCGGAGGGACCA	65	100
assemble1742			18S1N49M49S	GATGCTTTTGATGTCTGGGGCCAAGGGACAACGGTCACCGTCTCTTCAG	GATGCTTTTGATGTCTGGGGCCAAGGGACAATGGTCACCGTCTCTTCAG	-1	17
assemble1743	1S186N104M11S			GGCTCCTCCTCAGGGACAGTGGCCACCTTGACCATCAGTGGGGCCCAGGTGGAGGACGAAGCTGACTACTACTGTTATTCAACAGACATCAGTGGTGATCGTAG	GGCTCCAGCTCAGGGACAATGGCCACCTTGACTATCAGTGGGGCCCAGGTGGAGGATGAAGCTGACTACTACTGTTACTCAACAGACAGCAGTGGTAATCATAG	72	-1
assemble1745			26S8N40M50S	GACTACTGGGGCCAGGGTGCCCTGGTCACCGTCTCCTCAG	GACTACTGGGGCCAGGGAACCCTGGTCACCGTCTCCTCAG	-1	8
assemble1760	267N32M83S	34S3N15M66S13N	51S2N49M15S	GCGGACACGGCTGTGTATTACTGTGCGAGACACCTTACGATTTTTGGAGAGAACTGGTTCGACCCCTGGGGCCAGGGAACCCTGGTCACCGTCTCCTCAG	GCAGACACGGCTGTGTATTACTGTGCGAGACACCTTACGATTTTTGGAGAGAACTGGTTCGACCCCTGGGGCCAGGGAACCCTGGTCACCGTCTCCTCAG	21	68
assemble1766			21S6N42M52S	TTGACTACTGGGGCCAGGGAACCCTGGTCACCGTCTCCTCAG	TTGACTACTGGGGCCAGGGAACCCTGGTCACCGTCTCCTCAG	-1	10
assemble1778			29S48M38S	ACTACTTTGACTACTGGGGCCAGGGAACCCTGGTCACCGTCTCCTCAG	ACTACTTTGACTACTGGGGCCAGGGAACCCTGGTCACCGTCTCCTCAG	-1	16
assemble1797	3S217N76M36S	83S5N9M23S2N	98S7N17M26N	CGTCCAAGAACCAGTTCTCCCTGAAGCTGAGCTCTGTGACCGCTGCGGACACGGCCGTGTATTACTGTGCGAGAGAGGGGACGGTGACTTCACCGTTTGATATCTGGGGCCG	CGTCCAAGAACCAGTTCTCCCTGAAGCTGAGCTCTGTGACCGCTGCGGACACGGCCGTGTATTACTGTGCGAGAGAGGGGACGGTGACTTCACCGTTTGATATCTGGGGCCA	65	106
assemble1870	3S198N81M29S8N		93S4N19M1S15N	TCTGGGACAGATTTCACTCTCACCATCAGCAGTCTGCAACCTGATGATTTCGCAACTTACTACTGTCAACAGACTTACAGTGCTTCGGTTACTTTCGGCGGAGGGACCA	TCTGGGACAGATTTCACTCTCACCATCAGCAGTCTGCAACCTGAAGATTTTGCAACTTACTACTGTCAACAGAGTTACAGTGCTTCGGTTACTTTCGGCGGAGGGACCA	63	95
assemble1968	3S191N96M12S		100S4N11M23N	CAGTGGATCTGGGACAGAGTTCACCCTCACCATCAATAGCCTGGAAGCTGAAGATGGTGCAACGTATTACTGTCATCAGAGTAGTAGTTTTCCTCAAACGTTCGGCCA	CAGTGGATCTGGGACAGATTTCACCCTCACCATCAATAGCCTGGAAGCTGAAGATGCTGCAACGTATTACTGTCATCAGAGTAGTAGTTTACCTCAAACGTTCGGCCA	70	102
assemble1973	3S215N86M22S1N		89S2N22M14N	AGGCATAGATTTTACACTGAAAATCAGCAGAGTGGAGCCTGACGATGTTGGGGTCTATTACTGCATGCAAGAACTACGAACTCCTCGGACGTTCGGCCAAGGGACCAA	AGGCACAGATTTTACACTGAAAATCAGCAGAGTGGAGGCTGAGGATGTTGGGGTTTATTACTGCATGCAAGCTCTACAAACTCCTCGGACGTTCGGCCAAGGGACCAA	61	93
assemble1996	3S210N77M30S3N		83S24M3S14N	GACTTCACTCTCACCATCAGCAGACTGGAGCCTGAAGATTTTGCGGTGTATTACTGTCAGCACTATGGTAGCTCACCGCTGTGCACTTTTGGCCAGGGGACCAA	GACTTCACTCTCACCATCAGCAGACTGGAGCCTGAAGATTTTGCAGTGTATTACTGTCAGCAGTATGGTAGCTCACCGCTGTGCACTTTTGGCCAGGGGACCAA	54	89
assemble2005	3S219N85M22S1N		88S2N22M14N	GGGACAGATTTCACTCTCACCATCAGCAGCCTGCAGGCTGAAGATGTGGCTGTTTATTACTGTCAGCAATATTATAATTCTCCTCGGACGTTCGGCCAAGGGACCAA	GGGACAGATTTCACTCTCACCATCAGCAGCCTGCAGGCTGAAGATGTGGCAGTTTATTACTGTCAGCAATATTATAGTACTCCTCGGACGTTCGGCCAAGGGACCAA	60	92
assemble2014	201N83M26S3N		83S23M3S15N	GGCACAGATTTCACTCTCACCATCAGCCGCCTGCAGCCTGAAGATTTTGCGACTTATTACTGTCTACAAGATTTCAATTTCCCATTCACTTTTGGCCCTGGGACCA	GGCACAGATTTCACTCTCACCATCAGCAGCCTGCAGCCTGAAGATTTTGCAACTTATTACTGTCTACAAGATTACAATTACCCATTCACTTTCGGCCCTGGGACCA	60	92
assemble2019	3S207N71M35S9N		84S5N23M2S11N	GATTTCACTCTCACCATCAGCAGTCTGCAACCTGAAGATTTTGCAACTTACTACTGTCTACAGAGTTACAGCACTCCATATACTTTTGGCCAGGGGACCAAGCT	GATTTCACTCTCACCATCAGCAGTCTGCAACCTGAAGATTTTGCAACTTACTACTGTCAACAGAGTTACAGCACTCCATATACTTTTGGCCAGGGGACCAAGCT	54	86
assemble2021			36S57M16S	TGGATAGCAACTATCAGTTAATCTGGGGCGCTGGGACCAAGCTAATTATAAAGCCAG	TGGATAGCAACTATCAGTTAATCTGGGGCGCTGGGACCAAGCTAATTATAAAGCCAG	-1	25
assemble2064	2S208N94M12S3N			GCAGCGGGTCTGGGACAGATTTCACTCTCACCATCAGCAGCCTGCAGGCTGAAGATGTGGCAGTTTATTACTGTCAGTAATATTATAGTATTCC	GCAGCGGGTCTGGGACAGATTTCACTCTCACCATCAGCAGCCTGCAGGCTGAAGATGTGGCAGTTTATTACTGTCAGCAATATTATAGTACTCC	71	-1
assemble2093	3S242N46M59S5N	52S9N6M50S1N	66S6N42M2N	GACCAGTGCCCATCCTGAAGACAGCAGCTTCTACATCTGCAGTGCTTGGGGGAGGTTATCCGTCAATGAGCAGTTCTTCGGGCCAGGGACACGGCTCACCGGGCA	GACCAGTGCCCATCCTGAAGACAGCAGCTTCTACATCTGCAGTGCTTGGGGGAGGTTATCCGTCAATGAGCAGTTCTTCGGGCCAGGGACACGGCTCACCGTGCT	37	78
assemble2110	181N95M12S11N			GGGTCAGCGGCAGTGGATCTGGGACAGAGTTCACTCTCACCATCAGCAGCCTGCAGCCTAATGATTTTGCAACTTATTACTGCCAACAATATAAT	GGTTCAGCGGCAGTGGATCTGGGACAGAATTCACTCTCACCATCAGCAGCCTGCAGCCTGATGATTTTGCAACTTATTACTGCCAACAGTATAAT	80	-1
assemble2122			8S6N41M58S	CGAGCAGTACTTCGGGCCGGGCACCAGGCTCACGGTCACAG	CGAGCAGTACTTCGGGCCGGGCACCAGGCTCACGGTCACAG	-1	12
assemble2124			6S2N45M56S	CCTACGAGCAGTACTTCGGGCCGGGCACCAGGCTCACGGTCACAG	CCTACGAGCAGTACTTCGGGCCGGGCACCAGGCTCACGGTCACAG	-1	16
assemble2131			21S38M48S	GATCACCTTCGGCCAAGGGACACGACTGGAGATTAAAC	GATCACCTTCGGCCAAGGGACACGACTGGAGATTAAAC	-1	9
assemble2143	74S266N11M2I11M10S			ATATTTCTGTG--ACCTGCTTTGC	ATATTTCTGTGCCAGCAGCTTTGC	7	-1
assemble2147	201N83M23S3N			GGGACAGACTTTACTTTCACCATCATCAGCCTGCAGCCTGAAGATATTGCAACATATTACTGTCAACAGTATGATAATCTCCC	GGGACAGATTTTACTTTCACCATCAGCAGCCTGCAGCCTGAAGATATTGCAACATATTACTGTCAACAGTATGATAATCTCCC	60	-1
assemble2153	1S207N73M32S14N			GGGGGCAAAGCTGCCCTGACCCTTTCGGGTGCGCAGCCTGAAGATGAGGCTGAGTATTACTGCTTGCTCTCCT	GGGGGCAAAGCTGCCCTGACCCTTTCGGGTGCGCAGCCTGAGGATGAGGCTGAGTATTACTGCTTGCTCTCCT	60	-1
assemble2164			13S22N40M53S	GGACGTCTGGGGCCAAGGGACCACGGTCACCGTCTCCTCA	GGACGTCTGGGGCCAAGGGACCACGGTCACCGTCTCCTCA	-1	9
assemble2204			18S2N46M41S	TACTTTGACTACTGGGGCCAGGGAACCCTGGTCACCGTCTCCTCAG	TACTTTGACTACTGGGGCCAGGGAACCCTGGTCACCGTCTCCTCAG	-1	14
assemble2214	3S271N24M78S1N	29S13N11M65S7N	45S6N42M18S	CGGCTGTGTATTACTGTGCGAAAGGGAGTACCAGTTGGCCGATTGACTACTGGGGCCAGGGAACCCTGGTCACCGTCTCCTCAG	CGGCTGTGTATTACTGTGCGAAAGGGAGTACCAGCTGGCCGATTGACTACTGGGGCCAGGGAACCCTGGTCACCGTCTCCTCAG	14	52
assemble2257	3S218N55M46S14N		69S23M12S15N	CACCATCAGCAGCCTGCAGTCTGAAGATTTCGCAACTTACTACTGTCAACAGTATATGCAGTGGCCGCTCACTTTCGGCGGAGGCACCA	CACCATCAGCTGCCTGCAGTCTGAAGATTTTGCAACTTATTACTGTCAACAGTATATGCAGTGGCCGCTCACTTTCGGCGGAGGGACCA	43	75
assemble2289	3S245N53M47S1N	61S1N25M17S5N	89S11N14M25N	GAGGCTGACCTCTGTGACCGCCGCGGACACGGCCGTGTATTACTGTGCGAGAGGTTTATATTATTATGACCGTGGTGGTTATTGGAATGTCTGGGGCCAA	GAAGCTGAGCTCTGTGACCGCCGCGGACACGGCCGTGTATTACTGTGCGAGAGGTTTATATTACTATGATAGTAGTGGTTATTGGAATGTCTGGGGCCAA	43	93
assemble2290			6S4N43M54S	TACGAGCAGTACTTCGGGCCGGGCACCAGGCTCACGGTCACAG	TACGAGCAGTACTTCGGGCCGGGCACCAGGCTCACGGTCACAG	-1	14
assemble2294	3S257N36M64S3N	50S17N8M45S3N	74S12N29M7N	GAGATCTGAGGACACGGCCGTGTATTACTGTGCGAGGGTAAACAGCCACTGCTATCCTCGTGGGTGTCTCGACTGGGGCCAGGGAACCCTGGTCACCGTC	GAGATCTGAGGACACGGCCGTGTATTACTGTGCGAGGGTAAACAGCCACTGCTATCCTCGTGGGTGTCTCGACTGGGGCCAGGGAACCCTGGTCACCGTC	28	75
assemble2379			22S4N44M35S	CTTTGACTTCTGGGGCCAGGGAACCCTGCTCACCGTCTCCTCAG	CTTTGACTACTGGGGCCAGGGAACCCTGGTCACCGTCTCCTCAG	-1	12
assemble2403	201N78M22S8N		85S2N15M21N	GGGACAGAATTCACTCTCACAATCAGCGGCCTGCAGCCTGAGGATTTTGCAACTTATTACTGTCAACAGCTTGATAGTGATCCCGTCACTTTCGACGGAG	GGGACAGAATTCACTCTCACAATCAGCAGCCTGCAGCCTGAAGATTTTGCAACTTATTACTGTCAACAGCTTAATAGTGATCCCGTCACTTTCGGCGGAG	60	92
assemble2510			25S14N34M38S	TGGGGCCAGGGAACCCTGGTCACCGTCTCCTCAG	TGGGGCCAGGGAACCCTGGTCACCGTCTCCTCAG	-1	2
assemble2519	3S232N64M30S			CAGCCTACATGGAGATGAGCAGCCTGATATCTGACGACACGGCCGTATATTTCTGTGCGAGAGA	CAGCCTACATGGAGCTGAGGAGCCTGAGATCTGACGACACGGCCGTGTATTACTGTGCGAGAGA	53	-1
assemble2547	3S220N64M29S3N		67S29M9N	CCATCAGCAGCCTAGAGCCTGAAGATTTTGCAGTTTATTACTGTCACCAGCGTAGCGACTGGCCGCTCACTTTCGGCGGAGGGACCAAGATGG	CCATCAGCAGCCTAGAGCCTGAAGATTTTGCAGTTTATTACTGTCAGCAGCGTAGCAACTGGCCGCTCACTTTCGGCGGAGGGACCAAGGTGG	41	73
assemble2589			22S2N36M37S	TCACTTTCGGCCCTGGGACCAAAGTGGGGATCAAAC	TCACTTTCGGCCCTGGGACCAAAGTGGATATCAAAC	-1	7
assemble2602			40S12N36M18S	ACTGGGGCCAGGGAACCCTGGTCACCGTCTCCTCAG	ACTGGGGCCAGGGAACCCTGGTCACCGTCTCCTCAG	-1	4
assemble2634			24S53M16S	CTACTGGTTGTTCGATCTCTGGGGCCGTGGCACCCTGGTCACTGTCTCCTCAG	CTACTGGTACTTCGATCTCTGGGGCCGTGGCACCCTGGTCACTGTCTCCTCAG	-1	21
assemble2642	3S218N68M22S1N		75S6N18M14N	CACCATCAGCAGCCTGCAGCCTGATGATTTTGCAACTTATTACTGTCAACAGTACAATAGTTATTCTCAGATGTTCGGCCAAGGGACCAA	CACCATCAGCAGCCTGCAGCCTGATGATTTTGCAACTTATTACTGCCAACAGTATAATAGTTATTCTCAGATGTTCGGCCAAGGGACCAA	43	75
assemble2648			12S1N47M34S	CTACTTTGACTACTGGGGCCAGGGAACCCTGGTCACCGTCTCCTCAG	CTACTTTGACTACTGGGGCCAGGGAACCCTGGTCACCGTCTCCTCAG	-1	15
assemble2670	3S221N66M23S3N			CACCATCAATAGACTGGAGCCTGAAGATTTTGCAGTCTATTACTGTCAGCAGTATGGCAGTTCACC	CACCATCAGCAGACTGGAGCCTGAAGATTTTGCAGTGTATTACTGTCAGCAGTATGGTAGCTCACC	43	-1
assemble2676	3S271N30M59S1N	38S12N8M46S8N	45S9N42M5S	AGGACACAGGCGTATATTATTGTACCACAGCCCCTTGGGGACTCGCCCCCTGGGGCCAGGGAACCCAGGTCACCGTCTCCTCAG	AGGACACAGCCGTGTATTACTGTACCACAGCCCCTTGGTGACTCGACCCCTGGGGCCAGGGAACCCTGGTCACCGTCTCCTCAG	20	52
assemble2678	272N29M63S1N	36S17N8M48S6N	36S1N47M9S	GGCCACAGCCGTGTATTACTGTACCACAGTTCTTTCCTACTTTCACTCCTGGGGCCAGGGAACCCTGGTCACCGTCTCCTCAG	GGACACAGCCGTGTATTACTGTACCACAGTTCTTTCCTACTTTGACTACTGGGGCCAGGGAACCCTGGTCACCGTCTCCTCAG	19	51
assemble2705	3S243N59M29S3N		63S1N28M9N	AGCAGGGTGGAGGCTGAAGATGTCGGAGTTTATTACTGCATGCAACGTATAGGGTTTCCCCTCACTTTCGGCGGAGGGACCAAGGCGG	AGCAGGGTGGAGGCTGAGGATGTTGGAGTTTATTACTGCATGCAACGTATAGAGTTTCCCCTCACTTTCGGCGGAGGGACCAAGGTGG	36	68
assemble2753			20S3N7M4D41M18S	ACTGGTTATTATGAAAATTGGGGCCAGGGAACCCTGGTCACCGTCTCCTCAG	ACTGGTT----CGACCCCTGGGGCCAGGGAACCCTGGTCACCGTCTCCTCAG	-1	20
assemble2758			14S9N42M34S	TCGACCCCTGGGGCCAGGGAACCCTGGTCACCGTCTCCTCAG	TCGACCCCTGGGGCCAGGGAACCCTGGTCACCGTCTCCTCAG	-1	10
assemble2794	3S260N33M53S3N			AGCCGAGGACACGGCTGTATATTACTGTGCAAG	AGCCGAGGACACGGCTGTGTATTACTGTGCAAG	25	-1
assemble2808			28S1N6M9I36M18S	CTGAAT---------ACTGGGGCCAGGGAACCCTGGTCACCGTCTCCTCAG	CTGAATACTTCCAGCACTGGGGCCAGGGCACCCTGGTCACCGTCTCCTCAG	-1	19
assemble2840	17S21N10M1D6M2I5M1I13M35S219N		36S8N51M7N	CCTCTGTGCCGTGAGAA--CAGGA-GGTAGCAACTATAAAACTGACATTTGGAAAAGGAACTCTCTTAACCGTG	CCTCTGTTCC-TGAGCATGCAGGAGGGAAAAAACTATAGGAGGTAGCAACTATAAACTGACATTTGGAAAAGGA	4	49
assemble2871	29S258N20M1D2M2D2M5D9M16S11N			GATGTTGGCTTTTATTACTGTCAAGTGGAAACAAAAGTATA	GATGTTGGGGTTTATTACTG-CA--TG-----CAAAGTATA	18	-1
assemble2893	3S231N46M36S10N		56S1N28M1S10N	CTACAGGCTGAAGATTTTGCAACTTATTATTGTCAACAGAGTGACACTTCCCCGTACACTTTTGGCCAGGGGACCAAGGTG	CTGCAACCTGAAGATTTTGCAACTTACTACTGTCAACAGAGTTACACTTCCCCGTACACTTTTGGCCAGGGGACCAAGCTG	30	62
assemble2926	3S232N45M36S13N			GACTGGAGCCTGAAGATTTTGCAGTGTATTACTGTCAGCAGTATG	GACTGGAGCCTGAAGATTTTGCAGTGTATTACTGTCAGCAGTATG	32	-1
assemble2981	3S231N54M24S2N			CTGCAGTCTGAAGATGTTGCAATTTTTTACTGTCAGCAGTATCATAAGTGGCCT	CTGCAGTCTGAAGATTTTGCAGTTTATTACTGTCAGCAGTATAATAACTGGCCT	30	-1
assemble3040	3S248N45M30S3N			GAGCAGTCTGAGACCTGAGGACACGGCTGCGTATTACTGTGCGAA	GAGCAGTCTGAGAGCTGAGGACACGGCTGTGTATTACTGTGTGAA	37	-1
assemble3046	1S233N52M25S2N		53S4N24M1S10N	GCAACCTGAAGATTTTGCAACTTACTACTGTCAACAGAGTTACCGTACCCCTACTTTCGGCGGAGGGACCAAGGTG	GCAACCTGAAGATTTTGCAACTTACTACTGTCAACAGAGTTACAGTACCCCTACTTTCGGCGGAGGGACCAAGGTG	28	57
assemble3072			14S3N45M18S	ACTTTGACTACTGGGGCCAGGGAACCCTGGTCACCGTCTCCTCAG	ACTTTGACTACTGGGGCCAGGGAACCCTGGTCACCGTCTCCTCAG	-1	13
assemble3089	4S235N51M21S1N			AGTCTGAAGATTTTGCAATTTATTACTGTCAGCAGTATCATGACTGGCCTC	AGTCTGAAGATTTTGCAGTTTATTACTGTCAGCAGTATAATAACTGGCCTC	26	-1
assemble3161	3S236N48M22S3N			ACCTGAAGATTTTGCTACTTACTGCTGTCAACAGAGTTATAGTACCCC	ACCTGAAGATTTTGCAACTTACTACTGTCAACAGAGTTACAGTACCCC	25	-1
assemble3208	3S233N59M9S4N			GGGGGCCCAGGCAGATGATGAATCTGATTATTATTGTATGCTGTATGTGGGTAGTGGCA	GGGGGCCCAGGCAGATGATGAATCTGATTATTACTGTGTGCTGTATATGGGTAGTGGCA	34	-1
assemble3214	3S246N40M27S4N		42S1N28M9N	GATTTTGCAGTGTATTACTGTCACCAGTATGGTAGGTCACCTCGCTTTCGGCGGAGGGACCAAAATGG	GATTTTGCAGTGTATTACTGTCAGCAGTATGGTAGCTCACCTCACTTTCGGCGGAGGGACCAAGGTGG	18	48
assemble3223	3S246N38M28S3N		41S1N26M2S12N	GTTGCAACTTATTACTGTCAAAAGTATAACAGTGCCCCGTACACTTTTGGCCAGGGGACCAAGC	GTTGCAACTTATTACTGTCAAAAGTATAACAGTGCCCCGTACACTTTTGGCCAGGGGACCAAGC	15	47
assemble3254	2S243N49M16S4N		52S15M23N	GAGGATGAGGCTGATTATTACTGTGCAGCTTGGGATGACAGCCTGAATGCTTGGGTGTTCAGCGG	GAGGATGAGGCTGATTATTACTGTGCAGCATGGGATGACAGCCTGAATGCTTGGGTGTTCGGCGG	21	59
assemble3266	3S238N50M13S2N		55S3N11M24N	AGCCTGAAGATTTTGCAGTGTATTACTGTCAGCAGTATGGTAGCTCACCTAAGACGTTCGGCG	AGCCTGAAGATTTTGCAGTGTATTACTGTCAGCAGTATGGTAGCTCACCTAAGACGTTCGGCC	26	58
assemble3305			28S6N33M2S	CTTTTGGCCAGGGGACCAAGCTGGAGATCAAAC	CTTTTGGCCAGGGGACCAAGCTGGAGATCAAAC	-1	4
assemble3342	3S274N30M27S1N		32S2N25M3S12N	ATTACTGCATGCAACGTATAGAGTTTCCTTTACACTTTTGGCCAGGGGACCAAGC	ATTACTGCATGCAACGTATAGAGTTTCCTTTACACTTTTGGCCAGGGGACCAAGC	5	38
assemble3381	3S256N32M21S2N			ACTGTCAGGCGTGGGACAGCAGCACTGCACAC	ACTGTCAGGTGTGGGACAGCAGCACTGCACAC	2	-1
